Run	BioSample	Sample	SampleName	LibraryName	LibraryStrategy	LibrarySource	LibraryLayout	spots	bases	avgLength	size_MB	ScientificName	Disease	Body_Site	CenterName	exclude_reasons
SRR27343450	SAMN39105953	SRS19982553	20210227MCX003	20210227MCX003 RNA	RNA-Seq	METATRANSCRIPTOMIC	SINGLE	6335078	315524982	49	131.0	human metagenome			VISION MEDICALS CO., LTD.	not_wgs,not_metagenomic,not_dna_library
SRR27343366	SAMN39106201	SRS19982633	20210309MCX007	20210309MCX007 RNA	RNA-Seq	METATRANSCRIPTOMIC	SINGLE	2239077	111953850	50	47.0	human metagenome			VISION MEDICALS CO., LTD.	not_wgs,not_metagenomic,not_dna_library
SRR27343926	SAMN39106123	SRS19982484	20210309MCX010	20210309MCX010 RNA	RNA-Seq	METATRANSCRIPTOMIC	SINGLE	1291975	64598750	50	28.0	human metagenome			VISION MEDICALS CO., LTD.	not_wgs,not_metagenomic,not_dna_library
SRR27343953	SAMN39106041	SRS19982800	20210312MCX003	20210312MCX003 RNA	RNA-Seq	METATRANSCRIPTOMIC	SINGLE	819572	40086965	48	18.0	human metagenome			VISION MEDICALS CO., LTD.	not_wgs,not_metagenomic,not_dna_library
SRR27343449	SAMN39105954	SRS19982514	20210313MCX003	20210313MCX003 RNA	RNA-Seq	METATRANSCRIPTOMIC	SINGLE	6070144	303507200	50	125.0	human metagenome			VISION MEDICALS CO., LTD.	not_wgs,not_metagenomic,not_dna_library
SRR27343985	SAMN39105983	SRS19982770	20210316MCX006	20210316MCX006 RNA	RNA-Seq	METATRANSCRIPTOMIC	SINGLE	6682357	333399293	49	135.0	human metagenome			VISION MEDICALS CO., LTD.	not_wgs,not_metagenomic,not_dna_library
SRR27343448	SAMN39105955	SRS19982525	20210318MCX014	20210318MCX014 RNA	RNA-Seq	METATRANSCRIPTOMIC	SINGLE	3045802	151883909	49	66.0	human metagenome			VISION MEDICALS CO., LTD.	not_wgs,not_metagenomic,not_dna_library
SRR27343360	SAMN39106293	SRS19982639	20210319MCX011	20210319MCX011 RNA	RNA-Seq	METATRANSCRIPTOMIC	SINGLE	444068	21866138	49	9.0	human metagenome			VISION MEDICALS CO., LTD.	not_wgs,not_metagenomic,not_dna_library
SRR27343925	SAMN39106124	SRS19982485	20210323MCX004	20210323MCX004 RNA	RNA-Seq	METATRANSCRIPTOMIC	SINGLE	2051333	102566650	50	43.0	human metagenome			VISION MEDICALS CO., LTD.	not_wgs,not_metagenomic,not_dna_library
SRR27343902	SAMN39106202	SRS19982848	20210323MCX007	20210323MCX007 RNA	RNA-Seq	METATRANSCRIPTOMIC	SINGLE	2583770	129188500	50	54.0	human metagenome			VISION MEDICALS CO., LTD.	not_wgs,not_metagenomic,not_dna_library
SRR27343359	SAMN39106294	SRS19982640	20210325MCX003	20210325MCX003 RNA	RNA-Seq	METATRANSCRIPTOMIC	SINGLE	1284693	63411110	49	27.0	human metagenome			VISION MEDICALS CO., LTD.	not_wgs,not_metagenomic,not_dna_library
SRR27343358	SAMN39106295	SRS19982641	20210326MCX005	20210326MCX005 RNA	RNA-Seq	METATRANSCRIPTOMIC	SINGLE	195887	9226841	47	4.0	human metagenome			VISION MEDICALS CO., LTD.	not_wgs,not_metagenomic,not_dna_library
SRR27343356	SAMN39106296	SRS19982642	20210329MCX004	20210329MCX004 RNA	RNA-Seq	METATRANSCRIPTOMIC	SINGLE	2920200	143750966	49	64.0	human metagenome			VISION MEDICALS CO., LTD.	not_wgs,not_metagenomic,not_dna_library
SRR27343901	SAMN39106203	SRS19982849	20210330MCX002	20210330MCX002 RNA	RNA-Seq	METATRANSCRIPTOMIC	SINGLE	1500280	75014000	50	32.0	human metagenome			VISION MEDICALS CO., LTD.	not_wgs,not_metagenomic,not_dna_library
SRR27343355	SAMN39106297	SRS19982643	20210330MCX004	20210330MCX004 RNA	RNA-Seq	METATRANSCRIPTOMIC	SINGLE	1335079	66753950	50	29.0	human metagenome			VISION MEDICALS CO., LTD.	not_wgs,not_metagenomic,not_dna_library
SRR27343354	SAMN39106298	SRS19982644	20210330MCX005	20210330MCX005 RNA	RNA-Seq	METATRANSCRIPTOMIC	SINGLE	4213619	210680950	50	88.0	human metagenome			VISION MEDICALS CO., LTD.	not_wgs,not_metagenomic,not_dna_library
SRR27343225	SAMN39106064	SRS19982754	20210330MCX006	20210330MCX006 RNA	RNA-Seq	METATRANSCRIPTOMIC	SINGLE	792622	39631100	50	18.0	human metagenome			VISION MEDICALS CO., LTD.	not_wgs,not_metagenomic,not_dna_library
SRR27343230	SAMN39106059	SRS19982752	20210401MCX008	20210401MCX008 RNA	RNA-Seq	METATRANSCRIPTOMIC	SINGLE	423505	21175250	50	9.0	human metagenome			VISION MEDICALS CO., LTD.	not_wgs,not_metagenomic,not_dna_library
SRR27343964	SAMN39106031	SRS19982790	20210402MCX009	20210402MCX009 RNA	RNA-Seq	METATRANSCRIPTOMIC	SINGLE	8812387	440619350	50	179.0	human metagenome			VISION MEDICALS CO., LTD.	not_wgs,not_metagenomic,not_dna_library
SRR27343654	SAMN39106089	SRS19982820	20210409MCX016	20210409MCX016 RNA	RNA-Seq	METATRANSCRIPTOMIC	SINGLE	715772	35408921	49	15.0	human metagenome			VISION MEDICALS CO., LTD.	not_wgs,not_metagenomic,not_dna_library
SRR27343353	SAMN39106299	SRS19982645	20210410MCX001	20210410MCX001 RNA	RNA-Seq	METATRANSCRIPTOMIC	SINGLE	1141211	57060550	50	24.0	human metagenome			VISION MEDICALS CO., LTD.	not_wgs,not_metagenomic,not_dna_library
SRR27343204	SAMN39106082	SRS19982775	20210410MCX005	20210410MCX005 RNA	RNA-Seq	METATRANSCRIPTOMIC	SINGLE	2378333	118916650	50	49.0	human metagenome			VISION MEDICALS CO., LTD.	not_wgs,not_metagenomic,not_dna_library
SRR27343924	SAMN39106125	SRS19982486	20210410MCX006	20210410MCX006 RNA	RNA-Seq	METATRANSCRIPTOMIC	SINGLE	277069	13853450	50	6.0	human metagenome			VISION MEDICALS CO., LTD.	not_wgs,not_metagenomic,not_dna_library
SRR27343960	SAMN39106035	SRS19982794	20210412MCX007	20210412MCX007 RNA	RNA-Seq	METATRANSCRIPTOMIC	SINGLE	3691792	183556327	49	74.0	human metagenome			VISION MEDICALS CO., LTD.	not_wgs,not_metagenomic,not_dna_library
SRR27343208	SAMN39106078	SRS19982772	20210413MCX011	20210413MCX011 RNA	RNA-Seq	METATRANSCRIPTOMIC	SINGLE	1199762	59988100	50	26.0	human metagenome			VISION MEDICALS CO., LTD.	not_wgs,not_metagenomic,not_dna_library
SRR27343392	SAMN39106177	SRS19982607	20210414MCX013	20210414MCX013 RNA	RNA-Seq	METATRANSCRIPTOMIC	SINGLE	532097	26604850	50	11.0	human metagenome			VISION MEDICALS CO., LTD.	not_wgs,not_metagenomic,not_dna_library
SRR27343900	SAMN39106204	SRS19982691	20210415MCX002	20210415MCX002 RNA	RNA-Seq	METATRANSCRIPTOMIC	SINGLE	1546435	77321750	50	33.0	human metagenome			VISION MEDICALS CO., LTD.	not_wgs,not_metagenomic,not_dna_library
SRR27343653	SAMN39106090	SRS19982821	20210419MCX006	20210419MCX006 RNA	RNA-Seq	METATRANSCRIPTOMIC	SINGLE	13308445	664040563	49	285.0	human metagenome			VISION MEDICALS CO., LTD.	not_wgs,not_metagenomic,not_dna_library
SRR27343425	SAMN39106004	SRS19982574	20210419MCX007	20210419MCX007 RNA	RNA-Seq	METATRANSCRIPTOMIC	SINGLE	706170	35308500	50	16.0	human metagenome			VISION MEDICALS CO., LTD.	not_wgs,not_metagenomic,not_dna_library
SRR27343210	SAMN39106076	SRS19982769	20210420MCX005	20210420MCX005 RNA	RNA-Seq	METATRANSCRIPTOMIC	SINGLE	5305295	265264750	50	117.0	human metagenome			VISION MEDICALS CO., LTD.	not_wgs,not_metagenomic,not_dna_library
SRR27343981	SAMN39105986	SRS19982905	20210420MCX006	20210420MCX006 RNA	RNA-Seq	METATRANSCRIPTOMIC	SINGLE	2433174	121148520	49	55.0	human metagenome			VISION MEDICALS CO., LTD.	not_wgs,not_metagenomic,not_dna_library
SRR27343254	SAMN39105922	SRS19982733	20210421MCX013	20210421MCX013 RNA	RNA-Seq	METATRANSCRIPTOMIC	SINGLE	1615030	79931397	49	35.0	human metagenome			VISION MEDICALS CO., LTD.	not_wgs,not_metagenomic,not_dna_library
SRR27343594	SAMN39106172	SRS19982690	20210422MCX007	20210422MCX007 RNA	RNA-Seq	METATRANSCRIPTOMIC	SINGLE	559471	27973550	50	12.0	human metagenome			VISION MEDICALS CO., LTD.	not_wgs,not_metagenomic,not_dna_library
SRR27343248	SAMN39105927	SRS19982564	20210427MCX009	20210427MCX009 RNA	RNA-Seq	METATRANSCRIPTOMIC	SINGLE	755177	37758850	50	17.0	human metagenome			VISION MEDICALS CO., LTD.	not_wgs,not_metagenomic,not_dna_library
SRR27343421	SAMN39106007	SRS19982578	20210427MCX011	20210427MCX011 RNA	RNA-Seq	METATRANSCRIPTOMIC	SINGLE	3309594	165479700	50	73.0	human metagenome			VISION MEDICALS CO., LTD.	not_wgs,not_metagenomic,not_dna_library
SRR27343606	SAMN39106162	SRS19982680	20210428MCX011	20210428MCX011 RNA	RNA-Seq	METATRANSCRIPTOMIC	SINGLE	2280575	114028750	50	49.0	human metagenome			VISION MEDICALS CO., LTD.	not_wgs,not_metagenomic,not_dna_library
SRR27343207	SAMN39106079	SRS19982774	20210428MCX012	20210428MCX012 RNA	RNA-Seq	METATRANSCRIPTOMIC	SINGLE	2128217	106410850	50	45.0	human metagenome			VISION MEDICALS CO., LTD.	not_wgs,not_metagenomic,not_dna_library
SRR27343440	SAMN39105962	SRS19982560	20210429MCX006	20210429MCX006 RNA	RNA-Seq	METATRANSCRIPTOMIC	SINGLE	1019808	50231696	49	22.0	human metagenome			VISION MEDICALS CO., LTD.	not_wgs,not_metagenomic,not_dna_library
SRR27343439	SAMN39105963	SRS19982561	20210429MCX007	20210429MCX007 RNA	RNA-Seq	METATRANSCRIPTOMIC	SINGLE	434855	21742750	50	10.0	human metagenome			VISION MEDICALS CO., LTD.	not_wgs,not_metagenomic,not_dna_library
SRR27343899	SAMN39106205	SRS19982692	20210429MCX009	20210429MCX009 RNA	RNA-Seq	METATRANSCRIPTOMIC	SINGLE	365559	17704872	48	8.0	human metagenome			VISION MEDICALS CO., LTD.	not_wgs,not_metagenomic,not_dna_library
SRR27343897	SAMN39106206	SRS19982693	20210430MCX009	20210430MCX009 RNA	RNA-Seq	METATRANSCRIPTOMIC	SINGLE	369101	18455050	50	8.0	human metagenome			VISION MEDICALS CO., LTD.	not_wgs,not_metagenomic,not_dna_library
SRR27343393	SAMN39106176	SRS19982606	20210430MCX011	20210430MCX011 RNA	RNA-Seq	METATRANSCRIPTOMIC	SINGLE	514595	25729750	50	11.0	human metagenome			VISION MEDICALS CO., LTD.	not_wgs,not_metagenomic,not_dna_library
SRR27343352	SAMN39106300	SRS19982646	20210507MCX008	20210507MCX008 RNA	RNA-Seq	METATRANSCRIPTOMIC	SINGLE	667595	33379750	50	15.0	human metagenome			VISION MEDICALS CO., LTD.	not_wgs,not_metagenomic,not_dna_library
SRR27343605	SAMN39106163	SRS19982681	20210507MCX009	20210507MCX009 RNA	RNA-Seq	METATRANSCRIPTOMIC	SINGLE	372708	17805543	47	8.0	human metagenome			VISION MEDICALS CO., LTD.	not_wgs,not_metagenomic,not_dna_library
SRR27343443	SAMN39105959	SRS19982558	20210507MCX013	20210507MCX013 RNA	RNA-Seq	METATRANSCRIPTOMIC	SINGLE	264079	12994029	49	6.0	human metagenome			VISION MEDICALS CO., LTD.	not_wgs,not_metagenomic,not_dna_library
SRR27343951	SAMN39106043	SRS19982802	20210514MCX011	20210514MCX011 RNA	RNA-Seq	METATRANSCRIPTOMIC	SINGLE	350243	17040776	48	8.0	human metagenome			VISION MEDICALS CO., LTD.	not_wgs,not_metagenomic,not_dna_library
SRR27343922	SAMN39106126	SRS19982487	20210515MCX006	20210515MCX006 RNA	RNA-Seq	METATRANSCRIPTOMIC	SINGLE	2673724	133686200	50	58.0	human metagenome			VISION MEDICALS CO., LTD.	not_wgs,not_metagenomic,not_dna_library
SRR27343907	SAMN39106140	SRS19982502	20210517MCX004	20210517MCX004 RNA	RNA-Seq	METATRANSCRIPTOMIC	SINGLE	622895	30709441	49	14.0	human metagenome			VISION MEDICALS CO., LTD.	not_wgs,not_metagenomic,not_dna_library
SRR27343929	SAMN39106120	SRS19982479	20210517MCX007	20210517MCX007 RNA	RNA-Seq	METATRANSCRIPTOMIC	SINGLE	662324	32033760	48	15.0	human metagenome			VISION MEDICALS CO., LTD.	not_wgs,not_metagenomic,not_dna_library
SRR27343438	SAMN39105964	SRS19982562	20210517MCX008	20210517MCX008 RNA	RNA-Seq	METATRANSCRIPTOMIC	SINGLE	444234	21585316	48	10.0	human metagenome			VISION MEDICALS CO., LTD.	not_wgs,not_metagenomic,not_dna_library
SRR27343896	SAMN39106207	SRS19982694	20210524MCX007	20210524MCX007 RNA	RNA-Seq	METATRANSCRIPTOMIC	SINGLE	711850	35592500	50	16.0	human metagenome			VISION MEDICALS CO., LTD.	not_wgs,not_metagenomic,not_dna_library
SRR27343931	SAMN39106118	SRS19982477	20210525MCX011	20210525MCX011 RNA	RNA-Seq	METATRANSCRIPTOMIC	SINGLE	319820	15991000	50	7.0	human metagenome			VISION MEDICALS CO., LTD.	not_wgs,not_metagenomic,not_dna_library
SRR27343351	SAMN39106301	SRS19982647	20210526MCX014	20210526MCX014 RNA	RNA-Seq	METATRANSCRIPTOMIC	SINGLE	15245051	760504533	49	314.0	human metagenome			VISION MEDICALS CO., LTD.	not_wgs,not_metagenomic,not_dna_library
SRR27343391	SAMN39106178	SRS19982608	20210526MCX015	20210526MCX015 RNA	RNA-Seq	METATRANSCRIPTOMIC	SINGLE	1794010	89700500	50	38.0	human metagenome			VISION MEDICALS CO., LTD.	not_wgs,not_metagenomic,not_dna_library
SRR27343350	SAMN39106302	SRS19982648	20210528MCX007	20210528MCX007 RNA	RNA-Seq	METATRANSCRIPTOMIC	SINGLE	2356748	117284475	49	50.0	human metagenome			VISION MEDICALS CO., LTD.	not_wgs,not_metagenomic,not_dna_library
SRR27343930	SAMN39106119	SRS19982478	20210531MCX004	20210531MCX004 RNA	RNA-Seq	METATRANSCRIPTOMIC	SINGLE	685085	33544741	48	15.0	human metagenome			VISION MEDICALS CO., LTD.	not_wgs,not_metagenomic,not_dna_library
SRR27343950	SAMN39106044	SRS19982803	20210601MCX009	20210601MCX009 RNA	RNA-Seq	METATRANSCRIPTOMIC	SINGLE	886902	44345100	50	19.0	human metagenome			VISION MEDICALS CO., LTD.	not_wgs,not_metagenomic,not_dna_library
SRR27343949	SAMN39106045	SRS19982804	20210601MCX013	20210601MCX013 RNA	RNA-Seq	METATRANSCRIPTOMIC	SINGLE	754708	37735400	50	16.0	human metagenome			VISION MEDICALS CO., LTD.	not_wgs,not_metagenomic,not_dna_library
SRR27343895	SAMN39106208	SRS19982695	20210602MCX013	20210602MCX013 RNA	RNA-Seq	METATRANSCRIPTOMIC	SINGLE	2563141	128157050	50	52.0	human metagenome			VISION MEDICALS CO., LTD.	not_wgs,not_metagenomic,not_dna_library
SRR27343894	SAMN39106209	SRS19982696	20210603MCX006	20210603MCX006 RNA	RNA-Seq	METATRANSCRIPTOMIC	SINGLE	298350	14917500	50	6.0	human metagenome			VISION MEDICALS CO., LTD.	not_wgs,not_metagenomic,not_dna_library
SRR27343893	SAMN39106210	SRS19982697	20210603MCX008	20210603MCX008 RNA	RNA-Seq	METATRANSCRIPTOMIC	SINGLE	2256826	112841300	50	47.0	human metagenome			VISION MEDICALS CO., LTD.	not_wgs,not_metagenomic,not_dna_library
SRR27343958	SAMN39106036	SRS19982795	20210603MCX009	20210603MCX009 RNA	RNA-Seq	METATRANSCRIPTOMIC	SINGLE	1057351	52867550	50	22.0	human metagenome			VISION MEDICALS CO., LTD.	not_wgs,not_metagenomic,not_dna_library
SRR27343980	SAMN39105987	SRS19982925	20210603MCX015	20210603MCX015 RNA	RNA-Seq	METATRANSCRIPTOMIC	SINGLE	393086	19654300	50	8.0	human metagenome			VISION MEDICALS CO., LTD.	not_wgs,not_metagenomic,not_dna_library
SRR27343921	SAMN39106127	SRS19982488	20210604MCX007	20210604MCX007 RNA	RNA-Seq	METATRANSCRIPTOMIC	SINGLE	6122451	303125307	49	125.0	human metagenome			VISION MEDICALS CO., LTD.	not_wgs,not_metagenomic,not_dna_library
SRR27343969	SAMN39105997	SRS19982929	20210604MCX008	20210604MCX008 RNA	RNA-Seq	METATRANSCRIPTOMIC	SINGLE	772633	38631650	50	17.0	human metagenome			VISION MEDICALS CO., LTD.	not_wgs,not_metagenomic,not_dna_library
SRR27343892	SAMN39106211	SRS19982698	20210604MCX011	20210604MCX011 RNA	RNA-Seq	METATRANSCRIPTOMIC	SINGLE	7318265	365863636	49	149.0	human metagenome			VISION MEDICALS CO., LTD.	not_wgs,not_metagenomic,not_dna_library
SRR27343206	SAMN39106080	SRS19982773	20210604MCX018	20210604MCX018 RNA	RNA-Seq	METATRANSCRIPTOMIC	SINGLE	517516	25875800	50	11.0	human metagenome			VISION MEDICALS CO., LTD.	not_wgs,not_metagenomic,not_dna_library
SRR27343437	SAMN39105965	SRS19982563	20210607MCX008	20210607MCX008 RNA	RNA-Seq	METATRANSCRIPTOMIC	SINGLE	368687	18042129	48	8.0	human metagenome			VISION MEDICALS CO., LTD.	not_wgs,not_metagenomic,not_dna_library
SRR27343242	SAMN39105933	SRS19982741	20210609MCX005	20210609MCX005 RNA	RNA-Seq	METATRANSCRIPTOMIC	SINGLE	349476	16850282	48	8.0	human metagenome			VISION MEDICALS CO., LTD.	not_wgs,not_metagenomic,not_dna_library
SRR27343983	SAMN39105985	SRS19982904	20210610MCX001	20210610MCX001 RNA	RNA-Seq	METATRANSCRIPTOMIC	SINGLE	3358327	167916350	50	70.0	human metagenome			VISION MEDICALS CO., LTD.	not_wgs,not_metagenomic,not_dna_library
SRR27343419	SAMN39106009	SRS19982580	20210612MCX010	20210612MCX010 RNA	RNA-Seq	METATRANSCRIPTOMIC	SINGLE	626928	31346400	50	14.0	human metagenome			VISION MEDICALS CO., LTD.	not_wgs,not_metagenomic,not_dna_library
SRR27343224	SAMN39106065	SRS19982757	20210612MCX012	20210612MCX012 RNA	RNA-Seq	METATRANSCRIPTOMIC	SINGLE	682761	32870294	48	15.0	human metagenome			VISION MEDICALS CO., LTD.	not_wgs,not_metagenomic,not_dna_library
SRR27343229	SAMN39106060	SRS19982751	20210617MCX008	20210617MCX008 RNA	RNA-Seq	METATRANSCRIPTOMIC	SINGLE	5151996	255418269	49	103.0	human metagenome			VISION MEDICALS CO., LTD.	not_wgs,not_metagenomic,not_dna_library
SRR27343891	SAMN39106212	SRS19982699	20210617MCX009	20210617MCX009 RNA	RNA-Seq	METATRANSCRIPTOMIC	SINGLE	743382	37169100	50	16.0	human metagenome			VISION MEDICALS CO., LTD.	not_wgs,not_metagenomic,not_dna_library
SRR27343349	SAMN39106303	SRS19982649	20210618MCX005	20210618MCX005 RNA	RNA-Seq	METATRANSCRIPTOMIC	SINGLE	1078514	53925700	50	23.0	human metagenome			VISION MEDICALS CO., LTD.	not_wgs,not_metagenomic,not_dna_library
SRR27343434	SAMN39105966	SRS19982566	20210618MCX006	20210618MCX006 RNA	RNA-Seq	METATRANSCRIPTOMIC	SINGLE	602961	28999716	48	13.0	human metagenome			VISION MEDICALS CO., LTD.	not_wgs,not_metagenomic,not_dna_library
SRR27343890	SAMN39106213	SRS19982700	20210618MCX007	20210618MCX007 RNA	RNA-Seq	METATRANSCRIPTOMIC	SINGLE	344769	16525394	47	8.0	human metagenome			VISION MEDICALS CO., LTD.	not_wgs,not_metagenomic,not_dna_library
SRR27343348	SAMN39106304	SRS19982650	20210618MCX008	20210618MCX008 RNA	RNA-Seq	METATRANSCRIPTOMIC	SINGLE	358608	17171260	47	8.0	human metagenome			VISION MEDICALS CO., LTD.	not_wgs,not_metagenomic,not_dna_library
SRR27343889	SAMN39106214	SRS19982701	20210619MCX010	20210619MCX010 RNA	RNA-Seq	METATRANSCRIPTOMIC	SINGLE	1422017	71100850	50	31.0	human metagenome			VISION MEDICALS CO., LTD.	not_wgs,not_metagenomic,not_dna_library
SRR27343228	SAMN39106061	SRS19982756	20210619MCX013	20210619MCX013 RNA	RNA-Seq	METATRANSCRIPTOMIC	SINGLE	243632	12181600	50	5.0	human metagenome			VISION MEDICALS CO., LTD.	not_wgs,not_metagenomic,not_dna_library
SRR27343446	SAMN39105956	SRS19982536	20210622MCX005	20210622MCX005 RNA	RNA-Seq	METATRANSCRIPTOMIC	SINGLE	1123051	56152550	50	25.0	human metagenome			VISION MEDICALS CO., LTD.	not_wgs,not_metagenomic,not_dna_library
SRR27343920	SAMN39106128	SRS19982489	20210622MCX006	20210622MCX006 RNA	RNA-Seq	METATRANSCRIPTOMIC	SINGLE	767197	37822935	49	17.0	human metagenome			VISION MEDICALS CO., LTD.	not_wgs,not_metagenomic,not_dna_library
SRR27343347	SAMN39106305	SRS19982651	20210623MCX012	20210623MCX012 RNA	RNA-Seq	METATRANSCRIPTOMIC	SINGLE	361416	18070800	50	8.0	human metagenome			VISION MEDICALS CO., LTD.	not_wgs,not_metagenomic,not_dna_library
SRR27343973	SAMN39105994	SRS19982616	20210625MCX009	20210625MCX009 RNA	RNA-Seq	METATRANSCRIPTOMIC	SINGLE	587010	28590942	48	12.0	human metagenome			VISION MEDICALS CO., LTD.	not_wgs,not_metagenomic,not_dna_library
SRR27343212	SAMN39106075	SRS19982767	20210625MCX010	20210625MCX010 RNA	RNA-Seq	METATRANSCRIPTOMIC	SINGLE	3354950	166623973	49	69.0	human metagenome			VISION MEDICALS CO., LTD.	not_wgs,not_metagenomic,not_dna_library
SRR27343919	SAMN39106129	SRS19982490	20210626MCX006	20210626MCX006 RNA	RNA-Seq	METATRANSCRIPTOMIC	SINGLE	1156322	56517739	48	25.0	human metagenome			VISION MEDICALS CO., LTD.	not_wgs,not_metagenomic,not_dna_library
SRR27343428	SAMN39106001	SRS19982571	20210626MCX008	20210626MCX008 RNA	RNA-Seq	METATRANSCRIPTOMIC	SINGLE	1999194	99959700	50	43.0	human metagenome			VISION MEDICALS CO., LTD.	not_wgs,not_metagenomic,not_dna_library
SRR27343345	SAMN39106306	SRS19982652	20210628MCX011	20210628MCX011 RNA	RNA-Seq	METATRANSCRIPTOMIC	SINGLE	1554920	77145438	49	33.0	human metagenome			VISION MEDICALS CO., LTD.	not_wgs,not_metagenomic,not_dna_library
SRR27343972	SAMN39105995	SRS19982629	20210629MCX008	20210629MCX008 RNA	RNA-Seq	METATRANSCRIPTOMIC	SINGLE	11278115	563905750	50	247.0	human metagenome			VISION MEDICALS CO., LTD.	not_wgs,not_metagenomic,not_dna_library
SRR27343906	SAMN39106141	SRS19982503	20210629MCX009	20210629MCX009 RNA	RNA-Seq	METATRANSCRIPTOMIC	SINGLE	725693	35794560	49	16.0	human metagenome			VISION MEDICALS CO., LTD.	not_wgs,not_metagenomic,not_dna_library
SRR27343918	SAMN39106130	SRS19982491	20210629MCX010	20210629MCX010 RNA	RNA-Seq	METATRANSCRIPTOMIC	SINGLE	654317	32715850	50	15.0	human metagenome			VISION MEDICALS CO., LTD.	not_wgs,not_metagenomic,not_dna_library
SRR27343397	SAMN39106173	SRS19982602	20210630MCX014	20210630MCX014 RNA	RNA-Seq	METATRANSCRIPTOMIC	SINGLE	751824	37591200	50	16.0	human metagenome			VISION MEDICALS CO., LTD.	not_wgs,not_metagenomic,not_dna_library
SRR27343888	SAMN39106215	SRS19982702	20210630MCX015	20210630MCX015 RNA	RNA-Seq	METATRANSCRIPTOMIC	SINGLE	2060481	103024050	50	44.0	human metagenome			VISION MEDICALS CO., LTD.	not_wgs,not_metagenomic,not_dna_library
SRR27343886	SAMN39106216	SRS19982703	20210701MCX010	20210701MCX010 RNA	RNA-Seq	METATRANSCRIPTOMIC	SINGLE	211220	10084707	47	4.0	human metagenome			VISION MEDICALS CO., LTD.	not_wgs,not_metagenomic,not_dna_library
SRR27343344	SAMN39106307	SRS19982653	20210702MCX009	20210702MCX009 RNA	RNA-Seq	METATRANSCRIPTOMIC	SINGLE	4084874	204243700	50	90.0	human metagenome			VISION MEDICALS CO., LTD.	not_wgs,not_metagenomic,not_dna_library
SRR27343885	SAMN39106217	SRS19982704	20210703MCX008	20210703MCX008 RNA	RNA-Seq	METATRANSCRIPTOMIC	SINGLE	500161	25008050	50	11.0	human metagenome			VISION MEDICALS CO., LTD.	not_wgs,not_metagenomic,not_dna_library
SRR27343241	SAMN39105934	SRS19982743	20210703MCX010	20210703MCX010 RNA	RNA-Seq	METATRANSCRIPTOMIC	SINGLE	683590	34179500	50	15.0	human metagenome			VISION MEDICALS CO., LTD.	not_wgs,not_metagenomic,not_dna_library
SRR27343240	SAMN39105935	SRS19982742	20210705MCX013	20210705MCX013 RNA	RNA-Seq	METATRANSCRIPTOMIC	SINGLE	13403632	666202300	49	278.0	human metagenome			VISION MEDICALS CO., LTD.	not_wgs,not_metagenomic,not_dna_library
SRR27343203	SAMN39106083	SRS19982777	20210706MCX012	20210706MCX012 RNA	RNA-Seq	METATRANSCRIPTOMIC	SINGLE	592180	28911971	48	13.0	human metagenome			VISION MEDICALS CO., LTD.	not_wgs,not_metagenomic,not_dna_library
SRR27343398	SAMN39106028	SRS19982601	20210707MCX007	20210707MCX007 RNA	RNA-Seq	METATRANSCRIPTOMIC	SINGLE	703146	35157300	50	15.0	human metagenome			VISION MEDICALS CO., LTD.	not_wgs,not_metagenomic,not_dna_library
SRR27343422	SAMN39106006	SRS19982577	20210707MCX008	20210707MCX008 RNA	RNA-Seq	METATRANSCRIPTOMIC	SINGLE	6171892	308594600	50	129.0	human metagenome			VISION MEDICALS CO., LTD.	not_wgs,not_metagenomic,not_dna_library
SRR27343227	SAMN39106062	SRS19982753	20210707MCX011	20210707MCX011 RNA	RNA-Seq	METATRANSCRIPTOMIC	SINGLE	804572	40228600	50	18.0	human metagenome			VISION MEDICALS CO., LTD.	not_wgs,not_metagenomic,not_dna_library
SRR27343810	SAMN39106074	SRS19982768	20210709MCX011	20210709MCX011 DNA	WGS	METAGENOMIC	SINGLE	34875	1743750	50	0.0	human metagenome			VISION MEDICALS CO., LTD.	too_small
SRR27343213	SAMN39106074	SRS19982768	20210709MCX011	20210709MCX011 RNA	RNA-Seq	METATRANSCRIPTOMIC	SINGLE	275539	13776950	50	6.0	human metagenome			VISION MEDICALS CO., LTD.	not_wgs,not_metagenomic,not_dna_library
SRR27343952	SAMN39106042	SRS19982801	20210710MCX007	20210710MCX007 RNA	RNA-Seq	METATRANSCRIPTOMIC	SINGLE	158800	7676188	48	3.0	human metagenome			VISION MEDICALS CO., LTD.	not_wgs,not_metagenomic,not_dna_library
SRR27343884	SAMN39106218	SRS19982705	20210710MCX009	20210710MCX009 RNA	RNA-Seq	METATRANSCRIPTOMIC	SINGLE	190378	9020675	47	4.0	human metagenome			VISION MEDICALS CO., LTD.	not_wgs,not_metagenomic,not_dna_library
SRR27343343	SAMN39106308	SRS19982654	20210712MCX011	20210712MCX011 RNA	RNA-Seq	METATRANSCRIPTOMIC	SINGLE	1921552	94916822	49	42.0	human metagenome			VISION MEDICALS CO., LTD.	not_wgs,not_metagenomic,not_dna_library
SRR27343596	SAMN39106170	SRS19982688	20210713MCX010	20210713MCX010 RNA	RNA-Seq	METATRANSCRIPTOMIC	SINGLE	401557	20077850	50	9.0	human metagenome			VISION MEDICALS CO., LTD.	not_wgs,not_metagenomic,not_dna_library
SRR27343650	SAMN39106093	SRS19982824	20210713MCX012	20210713MCX012 RNA	RNA-Seq	METATRANSCRIPTOMIC	SINGLE	750581	37529050	50	17.0	human metagenome			VISION MEDICALS CO., LTD.	not_wgs,not_metagenomic,not_dna_library
SRR27343342	SAMN39106309	SRS19982655	20210713MCX013	20210713MCX013 RNA	RNA-Seq	METATRANSCRIPTOMIC	SINGLE	488482	23825919	48	11.0	human metagenome			VISION MEDICALS CO., LTD.	not_wgs,not_metagenomic,not_dna_library
SRR27343600	SAMN39106166	SRS19982684	20210714MCX007	20210714MCX007 RNA	RNA-Seq	METATRANSCRIPTOMIC	SINGLE	851923	42145515	49	18.0	human metagenome			VISION MEDICALS CO., LTD.	not_wgs,not_metagenomic,not_dna_library
SRR27343341	SAMN39106310	SRS19982656	20210714MCX008	20210714MCX008 RNA	RNA-Seq	METATRANSCRIPTOMIC	SINGLE	17486106	871653495	49	365.0	human metagenome			VISION MEDICALS CO., LTD.	not_wgs,not_metagenomic,not_dna_library
SRR27343883	SAMN39106219	SRS19982706	20210716MCX014	20210716MCX014 RNA	RNA-Seq	METATRANSCRIPTOMIC	SINGLE	761019	38050950	50	17.0	human metagenome			VISION MEDICALS CO., LTD.	not_wgs,not_metagenomic,not_dna_library
SRR27343418	SAMN39106010	SRS19982581	20210716MCX016	20210716MCX016 RNA	RNA-Seq	METATRANSCRIPTOMIC	SINGLE	270173	13508650	50	6.0	human metagenome			VISION MEDICALS CO., LTD.	not_wgs,not_metagenomic,not_dna_library
SRR27343947	SAMN39106046	SRS19982805	20210716MCX019	20210716MCX019 RNA	RNA-Seq	METATRANSCRIPTOMIC	SINGLE	611876	30593800	50	13.0	human metagenome			VISION MEDICALS CO., LTD.	not_wgs,not_metagenomic,not_dna_library
SRR27343946	SAMN39106047	SRS19982806	20210719MCX005	20210719MCX005 RNA	RNA-Seq	METATRANSCRIPTOMIC	SINGLE	730708	35801636	48	17.0	human metagenome			VISION MEDICALS CO., LTD.	not_wgs,not_metagenomic,not_dna_library
SRR27343905	SAMN39106142	SRS19982505	20210719MCX006	20210719MCX006 RNA	RNA-Seq	METATRANSCRIPTOMIC	SINGLE	540226	27011300	50	12.0	human metagenome			VISION MEDICALS CO., LTD.	not_wgs,not_metagenomic,not_dna_library
SRR27343427	SAMN39106002	SRS19982572	20210720MCX011	20210720MCX011 RNA	RNA-Seq	METATRANSCRIPTOMIC	SINGLE	220638	11031900	50	5.0	human metagenome			VISION MEDICALS CO., LTD.	not_wgs,not_metagenomic,not_dna_library
SRR27343987	SAMN39105981	SRS19982924	20210723MCX013	20210723MCX013 RNA	RNA-Seq	METATRANSCRIPTOMIC	SINGLE	316112	15805600	50	7.0	human metagenome			VISION MEDICALS CO., LTD.	not_wgs,not_metagenomic,not_dna_library
SRR27343882	SAMN39106220	SRS19982707	20210723MCX015	20210723MCX015 RNA	RNA-Seq	METATRANSCRIPTOMIC	SINGLE	1473429	73671450	50	31.0	human metagenome			VISION MEDICALS CO., LTD.	not_wgs,not_metagenomic,not_dna_library
SRR27343396	SAMN39106174	SRS19982603	20210723MCX017	20210723MCX017 RNA	RNA-Seq	METATRANSCRIPTOMIC	SINGLE	519599	25979950	50	11.0	human metagenome			VISION MEDICALS CO., LTD.	not_wgs,not_metagenomic,not_dna_library
SRR27343238	SAMN39105936	SRS19982744	20210726MCX012	20210726MCX012 RNA	RNA-Seq	METATRANSCRIPTOMIC	SINGLE	642650	32132500	50	14.0	human metagenome			VISION MEDICALS CO., LTD.	not_wgs,not_metagenomic,not_dna_library
SRR27343247	SAMN39105928	SRS19982736	20210727MCX015	20210727MCX015 RNA	RNA-Seq	METATRANSCRIPTOMIC	SINGLE	210893	10544650	50	4.0	human metagenome			VISION MEDICALS CO., LTD.	not_wgs,not_metagenomic,not_dna_library
SRR27343433	SAMN39105967	SRS19982567	20210728MCX008	20210728MCX008 RNA	RNA-Seq	METATRANSCRIPTOMIC	SINGLE	616083	30804150	50	13.0	human metagenome			VISION MEDICALS CO., LTD.	not_wgs,not_metagenomic,not_dna_library
SRR27343881	SAMN39106221	SRS19982708	20210728MCX012	20210728MCX012 RNA	RNA-Seq	METATRANSCRIPTOMIC	SINGLE	464131	21553479	46	10.0	human metagenome			VISION MEDICALS CO., LTD.	not_wgs,not_metagenomic,not_dna_library
SRR27343417	SAMN39106011	SRS19982582	20210729MCX010	20210729MCX010 RNA	RNA-Seq	METATRANSCRIPTOMIC	SINGLE	618169	30908450	50	14.0	human metagenome			VISION MEDICALS CO., LTD.	not_wgs,not_metagenomic,not_dna_library
SRR27343340	SAMN39106311	SRS19982657	20210729MCX011	20210729MCX011 RNA	RNA-Seq	METATRANSCRIPTOMIC	SINGLE	1249144	62457200	50	27.0	human metagenome			VISION MEDICALS CO., LTD.	not_wgs,not_metagenomic,not_dna_library
SRR27343880	SAMN39106222	SRS19982710	20210730MCX009	20210730MCX009 RNA	RNA-Seq	METATRANSCRIPTOMIC	SINGLE	315110	15755500	50	7.0	human metagenome			VISION MEDICALS CO., LTD.	not_wgs,not_metagenomic,not_dna_library
SRR27343339	SAMN39106312	SRS19982658	20210730MCX017	20210730MCX017 RNA	RNA-Seq	METATRANSCRIPTOMIC	SINGLE	320107	16005350	50	7.0	human metagenome			VISION MEDICALS CO., LTD.	not_wgs,not_metagenomic,not_dna_library
SRR27343879	SAMN39106223	SRS19982711	20210730MCX018	20210730MCX018 RNA	RNA-Seq	METATRANSCRIPTOMIC	SINGLE	413409	20670450	50	9.0	human metagenome			VISION MEDICALS CO., LTD.	not_wgs,not_metagenomic,not_dna_library
SRR27343878	SAMN39106224	SRS19982712	20210731MCX007	20210731MCX007 RNA	RNA-Seq	METATRANSCRIPTOMIC	SINGLE	511017	25550850	50	11.0	human metagenome			VISION MEDICALS CO., LTD.	not_wgs,not_metagenomic,not_dna_library
SRR27343657	SAMN39106086	SRS19982817	20210731MCX011	20210731MCX011 RNA	RNA-Seq	METATRANSCRIPTOMIC	SINGLE	520408	26020400	50	11.0	human metagenome			VISION MEDICALS CO., LTD.	not_wgs,not_metagenomic,not_dna_library
SRR27343877	SAMN39106225	SRS19982713	20210802MCX012	20210802MCX012 RNA	RNA-Seq	METATRANSCRIPTOMIC	SINGLE	1458287	72473303	49	31.0	human metagenome			VISION MEDICALS CO., LTD.	not_wgs,not_metagenomic,not_dna_library
SRR27343338	SAMN39106313	SRS19982659	20210804MCX003	20210804MCX003 RNA	RNA-Seq	METATRANSCRIPTOMIC	SINGLE	293811	14690550	50	6.0	human metagenome			VISION MEDICALS CO., LTD.	not_wgs,not_metagenomic,not_dna_library
SRR27343237	SAMN39105937	SRS19982745	20210804MCX006	20210804MCX006 RNA	RNA-Seq	METATRANSCRIPTOMIC	SINGLE	2086821	104341050	50	44.0	human metagenome			VISION MEDICALS CO., LTD.	not_wgs,not_metagenomic,not_dna_library
SRR27343432	SAMN39105968	SRS19982568	20210805MCX008	20210805MCX008 RNA	RNA-Seq	METATRANSCRIPTOMIC	SINGLE	392038	19601900	50	8.0	human metagenome			VISION MEDICALS CO., LTD.	not_wgs,not_metagenomic,not_dna_library
SRR27343875	SAMN39106226	SRS19982714	20210805MCX014	20210805MCX014 RNA	RNA-Seq	METATRANSCRIPTOMIC	SINGLE	436564	21828200	50	9.0	human metagenome			VISION MEDICALS CO., LTD.	not_wgs,not_metagenomic,not_dna_library
SRR27343431	SAMN39105969	SRS19982569	20210806MCX011	20210806MCX011 RNA	RNA-Seq	METATRANSCRIPTOMIC	SINGLE	1520723	76036150	50	32.0	human metagenome			VISION MEDICALS CO., LTD.	not_wgs,not_metagenomic,not_dna_library
SRR27343965	SAMN39106030	SRS19982789	20210807MCX009	20210807MCX009 RNA	RNA-Seq	METATRANSCRIPTOMIC	SINGLE	220785	11039250	50	5.0	human metagenome			VISION MEDICALS CO., LTD.	not_wgs,not_metagenomic,not_dna_library
SRR27343429	SAMN39106000	SRS19982570	20210807MCX013	20210807MCX013 RNA	RNA-Seq	METATRANSCRIPTOMIC	SINGLE	632190	31609500	50	14.0	human metagenome			VISION MEDICALS CO., LTD.	not_wgs,not_metagenomic,not_dna_library
SRR27343337	SAMN39106314	SRS19982661	20210807MCX014	20210807MCX014 RNA	RNA-Seq	METATRANSCRIPTOMIC	SINGLE	5196909	259845450	50	114.0	human metagenome			VISION MEDICALS CO., LTD.	not_wgs,not_metagenomic,not_dna_library
SRR27343945	SAMN39106048	SRS19982807	20210810MCX012	20210810MCX012 RNA	RNA-Seq	METATRANSCRIPTOMIC	SINGLE	341010	16688409	48	7.0	human metagenome			VISION MEDICALS CO., LTD.	not_wgs,not_metagenomic,not_dna_library
SRR27343202	SAMN39106084	SRS19982779	20210810MCX013	20210810MCX013 RNA	RNA-Seq	METATRANSCRIPTOMIC	SINGLE	173832	8691600	50	4.0	human metagenome			VISION MEDICALS CO., LTD.	not_wgs,not_metagenomic,not_dna_library
SRR27343430	SAMN39105970	SRS19982545	20210811MCX009	20210811MCX009 RNA	RNA-Seq	METATRANSCRIPTOMIC	SINGLE	651349	32567450	50	14.0	human metagenome			VISION MEDICALS CO., LTD.	not_wgs,not_metagenomic,not_dna_library
SRR27343904	SAMN39106143	SRS19982506	20210811MCX011	20210811MCX011 RNA	RNA-Seq	METATRANSCRIPTOMIC	SINGLE	356338	17816900	50	8.0	human metagenome			VISION MEDICALS CO., LTD.	not_wgs,not_metagenomic,not_dna_library
SRR27343961	SAMN39106034	SRS19982793	20210811MCX014	20210811MCX014 RNA	RNA-Seq	METATRANSCRIPTOMIC	SINGLE	667329	33366450	50	14.0	human metagenome			VISION MEDICALS CO., LTD.	not_wgs,not_metagenomic,not_dna_library
SRR27343336	SAMN39106315	SRS19982660	20210812MCX008	20210812MCX008 RNA	RNA-Seq	METATRANSCRIPTOMIC	SINGLE	299642	14570150	48	6.0	human metagenome			VISION MEDICALS CO., LTD.	not_wgs,not_metagenomic,not_dna_library
SRR27343390	SAMN39106179	SRS19982609	20210813MCX009	20210813MCX009 RNA	RNA-Seq	METATRANSCRIPTOMIC	SINGLE	1832146	91227981	49	38.0	human metagenome			VISION MEDICALS CO., LTD.	not_wgs,not_metagenomic,not_dna_library
SRR27343445	SAMN39105957	SRS19982555	20210813MCX011	20210813MCX011 RNA	RNA-Seq	METATRANSCRIPTOMIC	SINGLE	636036	31801800	50	14.0	human metagenome			VISION MEDICALS CO., LTD.	not_wgs,not_metagenomic,not_dna_library
SRR27343874	SAMN39106227	SRS19982715	20210814MCX014	20210814MCX014 RNA	RNA-Seq	METATRANSCRIPTOMIC	SINGLE	258981	12447547	48	5.0	human metagenome			VISION MEDICALS CO., LTD.	not_wgs,not_metagenomic,not_dna_library
SRR27343334	SAMN39106316	SRS19982662	20210816MCX011	20210816MCX011 RNA	RNA-Seq	METATRANSCRIPTOMIC	SINGLE	359732	17986600	50	8.0	human metagenome			VISION MEDICALS CO., LTD.	not_wgs,not_metagenomic,not_dna_library
SRR27343998	SAMN39105971	SRS19982554	20210817MCX018	20210817MCX018 RNA	RNA-Seq	METATRANSCRIPTOMIC	SINGLE	645952	32297600	50	13.0	human metagenome			VISION MEDICALS CO., LTD.	not_wgs,not_metagenomic,not_dna_library
SRR27343873	SAMN39106228	SRS19982716	20210819MCX009	20210819MCX009 RNA	RNA-Seq	METATRANSCRIPTOMIC	SINGLE	476941	23175111	48	10.0	human metagenome			VISION MEDICALS CO., LTD.	not_wgs,not_metagenomic,not_dna_library
SRR27343426	SAMN39106003	SRS19982573	20210820MCX013	20210820MCX013 RNA	RNA-Seq	METATRANSCRIPTOMIC	SINGLE	679292	33964600	50	14.0	human metagenome			VISION MEDICALS CO., LTD.	not_wgs,not_metagenomic,not_dna_library
SRR27343416	SAMN39106012	SRS19982583	20210820MCX014	20210820MCX014 RNA	RNA-Seq	METATRANSCRIPTOMIC	SINGLE	123899	6194950	50	3.0	human metagenome			VISION MEDICALS CO., LTD.	not_wgs,not_metagenomic,not_dna_library
SRR27343236	SAMN39105938	SRS19982747	20210820MCX015	20210820MCX015 RNA	RNA-Seq	METATRANSCRIPTOMIC	SINGLE	996900	49845000	50	21.0	human metagenome			VISION MEDICALS CO., LTD.	not_wgs,not_metagenomic,not_dna_library
SRR27343997	SAMN39105972	SRS19982565	20210821MCX012	20210821MCX012 RNA	RNA-Seq	METATRANSCRIPTOMIC	SINGLE	149352	7467600	50	3.0	human metagenome			VISION MEDICALS CO., LTD.	not_wgs,not_metagenomic,not_dna_library
SRR27343244	SAMN39105931	SRS19982739	20210821MCX014	20210821MCX014 RNA	RNA-Seq	METATRANSCRIPTOMIC	SINGLE	878492	43924600	50	18.0	human metagenome			VISION MEDICALS CO., LTD.	not_wgs,not_metagenomic,not_dna_library
SRR27343996	SAMN39105973	SRS19982919	20210825MCX010	20210825MCX010 RNA	RNA-Seq	METATRANSCRIPTOMIC	SINGLE	894736	44736800	50	20.0	human metagenome			VISION MEDICALS CO., LTD.	not_wgs,not_metagenomic,not_dna_library
SRR27343903	SAMN39106144	SRS19982507	20210825MCX012	20210825MCX012 RNA	RNA-Seq	METATRANSCRIPTOMIC	SINGLE	7115801	355790050	50	152.0	human metagenome			VISION MEDICALS CO., LTD.	not_wgs,not_metagenomic,not_dna_library
SRR27343872	SAMN39106229	SRS19982717	20210826MCX009	20210826MCX009 RNA	RNA-Seq	METATRANSCRIPTOMIC	SINGLE	382635	18228079	47	8.0	human metagenome			VISION MEDICALS CO., LTD.	not_wgs,not_metagenomic,not_dna_library
SRR27343871	SAMN39106230	SRS19982718	20210826MCX011	20210826MCX011 RNA	RNA-Seq	METATRANSCRIPTOMIC	SINGLE	3868345	193417250	50	85.0	human metagenome			VISION MEDICALS CO., LTD.	not_wgs,not_metagenomic,not_dna_library
SRR27343199	SAMN39106317	SRS19982780	20210827MCX009	20210827MCX009 RNA	RNA-Seq	METATRANSCRIPTOMIC	SINGLE	457073	22853650	50	10.0	human metagenome			VISION MEDICALS CO., LTD.	not_wgs,not_metagenomic,not_dna_library
SRR27343593	SAMN39106231	SRS19982719	20210827MCX010	20210827MCX010 RNA	RNA-Seq	METATRANSCRIPTOMIC	SINGLE	530708	26535400	50	12.0	human metagenome			VISION MEDICALS CO., LTD.	not_wgs,not_metagenomic,not_dna_library
SRR27343966	SAMN39106029	SRS19982788	20210827MCX011	20210827MCX011 RNA	RNA-Seq	METATRANSCRIPTOMIC	SINGLE	461215	23060750	50	10.0	human metagenome			VISION MEDICALS CO., LTD.	not_wgs,not_metagenomic,not_dna_library
SRR27343198	SAMN39106318	SRS19982782	20210827MCX014	20210827MCX014 RNA	RNA-Seq	METATRANSCRIPTOMIC	SINGLE	199934	9688013	48	4.0	human metagenome			VISION MEDICALS CO., LTD.	not_wgs,not_metagenomic,not_dna_library
SRR27343917	SAMN39106131	SRS19982492	20210828MCX008	20210828MCX008 RNA	RNA-Seq	METATRANSCRIPTOMIC	SINGLE	690448	34522400	50	14.0	human metagenome			VISION MEDICALS CO., LTD.	not_wgs,not_metagenomic,not_dna_library
SRR27343927	SAMN39106122	SRS19982483	20210831MCX008	20210831MCX008 RNA	RNA-Seq	METATRANSCRIPTOMIC	SINGLE	416592	20757943	49	9.0	human metagenome			VISION MEDICALS CO., LTD.	not_wgs,not_metagenomic,not_dna_library
SRR27343216	SAMN39106071	SRS19982764	20210901MCX015	20210901MCX015 RNA	RNA-Seq	METATRANSCRIPTOMIC	SINGLE	225528	11276400	50	5.0	human metagenome			VISION MEDICALS CO., LTD.	not_wgs,not_metagenomic,not_dna_library
SRR27343215	SAMN39106072	SRS19982765	20210902MCX005	20210902MCX005 RNA	RNA-Seq	METATRANSCRIPTOMIC	SINGLE	627736	31386800	50	14.0	human metagenome			VISION MEDICALS CO., LTD.	not_wgs,not_metagenomic,not_dna_library
SRR27343916	SAMN39106132	SRS19982494	20210902MCX009	20210902MCX009 RNA	RNA-Seq	METATRANSCRIPTOMIC	SINGLE	748029	35936988	48	17.0	human metagenome			VISION MEDICALS CO., LTD.	not_wgs,not_metagenomic,not_dna_library
SRR27343246	SAMN39105929	SRS19982737	20210903MCX010	20210903MCX010 RNA	RNA-Seq	METATRANSCRIPTOMIC	SINGLE	894654	44732700	50	20.0	human metagenome			VISION MEDICALS CO., LTD.	not_wgs,not_metagenomic,not_dna_library
SRR27343944	SAMN39106049	SRS19982808	20210904MCX008	20210904MCX008 RNA	RNA-Seq	METATRANSCRIPTOMIC	SINGLE	999477	49973850	50	22.0	human metagenome			VISION MEDICALS CO., LTD.	not_wgs,not_metagenomic,not_dna_library
SRR27343976	SAMN39105991	SRS19982907	20210904MCX014	20210904MCX014 RNA	RNA-Seq	METATRANSCRIPTOMIC	SINGLE	1691496	83633167	49	37.0	human metagenome			VISION MEDICALS CO., LTD.	not_wgs,not_metagenomic,not_dna_library
SRR27343444	SAMN39105958	SRS19982556	20210906MCX013	20210906MCX013 RNA	RNA-Seq	METATRANSCRIPTOMIC	SINGLE	1075135	53246972	49	23.0	human metagenome			VISION MEDICALS CO., LTD.	not_wgs,not_metagenomic,not_dna_library
SRR27343592	SAMN39106232	SRS19982721	20210906MCX015	20210906MCX015 RNA	RNA-Seq	METATRANSCRIPTOMIC	SINGLE	1104543	55227150	50	23.0	human metagenome			VISION MEDICALS CO., LTD.	not_wgs,not_metagenomic,not_dna_library
SRR27343197	SAMN39106319	SRS19982783	20210907MCX013	20210907MCX013 RNA	RNA-Seq	METATRANSCRIPTOMIC	SINGLE	322793	16139650	50	7.0	human metagenome			VISION MEDICALS CO., LTD.	not_wgs,not_metagenomic,not_dna_library
SRR27343591	SAMN39106233	SRS19982720	20210907MCX017	20210907MCX017 RNA	RNA-Seq	METATRANSCRIPTOMIC	SINGLE	1643116	82155800	50	34.0	human metagenome			VISION MEDICALS CO., LTD.	not_wgs,not_metagenomic,not_dna_library
SRR27343943	SAMN39106050	SRS19982809	20210907MCX019	20210907MCX019 RNA	RNA-Seq	METATRANSCRIPTOMIC	SINGLE	1115296	55764800	50	23.0	human metagenome			VISION MEDICALS CO., LTD.	not_wgs,not_metagenomic,not_dna_library
SRR27343967	SAMN39105999	SRS19982909	20210907MCX021	20210907MCX021 RNA	RNA-Seq	METATRANSCRIPTOMIC	SINGLE	450227	22511350	50	9.0	human metagenome			VISION MEDICALS CO., LTD.	not_wgs,not_metagenomic,not_dna_library
SRR27343590	SAMN39106234	SRS19982722	20210908MCX019	20210908MCX019 RNA	RNA-Seq	METATRANSCRIPTOMIC	SINGLE	5661718	280453145	49	118.0	human metagenome			VISION MEDICALS CO., LTD.	not_wgs,not_metagenomic,not_dna_library
SRR27343956	SAMN39106038	SRS19982797	20210909MCX011	20210909MCX011 RNA	RNA-Seq	METATRANSCRIPTOMIC	SINGLE	2274123	112532509	49	48.0	human metagenome			VISION MEDICALS CO., LTD.	not_wgs,not_metagenomic,not_dna_library
SRR27343196	SAMN39106320	SRS19982784	20210909MCX012	20210909MCX012 RNA	RNA-Seq	METATRANSCRIPTOMIC	SINGLE	987653	48035108	48	21.0	human metagenome			VISION MEDICALS CO., LTD.	not_wgs,not_metagenomic,not_dna_library
SRR27343195	SAMN39106321	SRS19982785	20210910MCX007	20210910MCX007 RNA	RNA-Seq	METATRANSCRIPTOMIC	SINGLE	2275880	113314501	49	47.0	human metagenome			VISION MEDICALS CO., LTD.	not_wgs,not_metagenomic,not_dna_library
SRR27343194	SAMN39106322	SRS19982786	20210910MCX010	20210910MCX010 RNA	RNA-Seq	METATRANSCRIPTOMIC	SINGLE	301955	14481095	47	6.0	human metagenome			VISION MEDICALS CO., LTD.	not_wgs,not_metagenomic,not_dna_library
SRR27343589	SAMN39106235	SRS19982723	20210910MCX011	20210910MCX011 RNA	RNA-Seq	METATRANSCRIPTOMIC	SINGLE	329240	15567858	47	7.0	human metagenome			VISION MEDICALS CO., LTD.	not_wgs,not_metagenomic,not_dna_library
SRR27343587	SAMN39106236	SRS19982508	20210910MCX012	20210910MCX012 RNA	RNA-Seq	METATRANSCRIPTOMIC	SINGLE	554726	27736300	50	12.0	human metagenome			VISION MEDICALS CO., LTD.	not_wgs,not_metagenomic,not_dna_library
SRR27343586	SAMN39106237	SRS19982509	20210910MCX013	20210910MCX013 RNA	RNA-Seq	METATRANSCRIPTOMIC	SINGLE	3410828	170541400	50	70.0	human metagenome			VISION MEDICALS CO., LTD.	not_wgs,not_metagenomic,not_dna_library
SRR27343603	SAMN39106165	SRS19982683	20210910MCX014	20210910MCX014 RNA	RNA-Seq	METATRANSCRIPTOMIC	SINGLE	1486192	74309600	50	31.0	human metagenome			VISION MEDICALS CO., LTD.	not_wgs,not_metagenomic,not_dna_library
SRR27343585	SAMN39106238	SRS19982510	20210910MCX015	20210910MCX015 RNA	RNA-Seq	METATRANSCRIPTOMIC	SINGLE	2614969	129801326	49	53.0	human metagenome			VISION MEDICALS CO., LTD.	not_wgs,not_metagenomic,not_dna_library
SRR27343584	SAMN39106239	SRS19982511	20210910MCX019	20210910MCX019 RNA	RNA-Seq	METATRANSCRIPTOMIC	SINGLE	675848	33792400	50	14.0	human metagenome			VISION MEDICALS CO., LTD.	not_wgs,not_metagenomic,not_dna_library
SRR27343583	SAMN39106240	SRS19982512	20210913MCX015	20210913MCX015 RNA	RNA-Seq	METATRANSCRIPTOMIC	SINGLE	1501552	73411852	48	31.0	human metagenome			VISION MEDICALS CO., LTD.	not_wgs,not_metagenomic,not_dna_library
SRR27343582	SAMN39106241	SRS19982513	20210914MCX010	20210914MCX010 RNA	RNA-Seq	METATRANSCRIPTOMIC	SINGLE	1526827	74593665	48	33.0	human metagenome			VISION MEDICALS CO., LTD.	not_wgs,not_metagenomic,not_dna_library
SRR27343625	SAMN39106145	SRS19982663	20210914MCX012	20210914MCX012 RNA	RNA-Seq	METATRANSCRIPTOMIC	SINGLE	909797	42802849	47	20.0	human metagenome			VISION MEDICALS CO., LTD.	not_wgs,not_metagenomic,not_dna_library
SRR27343226	SAMN39106063	SRS19982755	20210915MCX007	20210915MCX007 RNA	RNA-Seq	METATRANSCRIPTOMIC	SINGLE	561862	28093100	50	12.0	human metagenome			VISION MEDICALS CO., LTD.	not_wgs,not_metagenomic,not_dna_library
SRR27343235	SAMN39105939	SRS19982746	20210915MCX009	20210915MCX009 RNA	RNA-Seq	METATRANSCRIPTOMIC	SINGLE	692259	34612950	50	15.0	human metagenome			VISION MEDICALS CO., LTD.	not_wgs,not_metagenomic,not_dna_library
SRR27343581	SAMN39106242	SRS19982515	20210915MCX010	20210915MCX010 RNA	RNA-Seq	METATRANSCRIPTOMIC	SINGLE	3106977	152965493	49	64.0	human metagenome			VISION MEDICALS CO., LTD.	not_wgs,not_metagenomic,not_dna_library
SRR27343193	SAMN39106323	SRS19982787	20210915MCX011	20210915MCX011 RNA	RNA-Seq	METATRANSCRIPTOMIC	SINGLE	450351	21814858	48	9.0	human metagenome			VISION MEDICALS CO., LTD.	not_wgs,not_metagenomic,not_dna_library
SRR27343623	SAMN39106146	SRS19982664	20210916MCX005	20210916MCX005 RNA	RNA-Seq	METATRANSCRIPTOMIC	SINGLE	506947	24410261	48	11.0	human metagenome			VISION MEDICALS CO., LTD.	not_wgs,not_metagenomic,not_dna_library
SRR27343415	SAMN39106013	SRS19982584	20210916MCX006	20210916MCX006 RNA	RNA-Seq	METATRANSCRIPTOMIC	SINGLE	850617	40541432	47	18.0	human metagenome			VISION MEDICALS CO., LTD.	not_wgs,not_metagenomic,not_dna_library
SRR27343622	SAMN39106147	SRS19982665	20210916MCX007	20210916MCX007 RNA	RNA-Seq	METATRANSCRIPTOMIC	SINGLE	1882997	94149850	50	38.0	human metagenome			VISION MEDICALS CO., LTD.	not_wgs,not_metagenomic,not_dna_library
SRR27343621	SAMN39106148	SRS19982667	20210922MCX010	20210922MCX010 RNA	RNA-Seq	METATRANSCRIPTOMIC	SINGLE	413337	19893713	48	9.0	human metagenome			VISION MEDICALS CO., LTD.	not_wgs,not_metagenomic,not_dna_library
SRR27343580	SAMN39106243	SRS19982516	20210922MCX011	20210922MCX011 RNA	RNA-Seq	METATRANSCRIPTOMIC	SINGLE	253615	12243904	48	5.0	human metagenome			VISION MEDICALS CO., LTD.	not_wgs,not_metagenomic,not_dna_library
SRR27343221	SAMN39106066	SRS19982761	20210923MCX014	20210923MCX014 RNA	RNA-Seq	METATRANSCRIPTOMIC	SINGLE	158113	7785485	49	3.0	human metagenome			VISION MEDICALS CO., LTD.	not_wgs,not_metagenomic,not_dna_library
SRR27343620	SAMN39106149	SRS19982666	20210923MCX015	20210923MCX015 RNA	RNA-Seq	METATRANSCRIPTOMIC	SINGLE	186572	9107549	48	4.0	human metagenome			VISION MEDICALS CO., LTD.	not_wgs,not_metagenomic,not_dna_library
SRR27343626	SAMN39106115	SRS19982846	20210923MCX016	20210923MCX016 RNA	RNA-Seq	METATRANSCRIPTOMIC	SINGLE	166084	8087778	48	3.0	human metagenome			VISION MEDICALS CO., LTD.	not_wgs,not_metagenomic,not_dna_library
SRR27343619	SAMN39106150	SRS19982668	20210923MCX021	20210923MCX021 RNA	RNA-Seq	METATRANSCRIPTOMIC	SINGLE	343036	16536252	48	7.0	human metagenome			VISION MEDICALS CO., LTD.	not_wgs,not_metagenomic,not_dna_library
SRR27343609	SAMN39106159	SRS19982677	20210924MCX010	20210924MCX010 RNA	RNA-Seq	METATRANSCRIPTOMIC	SINGLE	195110	9337781	47	4.0	human metagenome			VISION MEDICALS CO., LTD.	not_wgs,not_metagenomic,not_dna_library
SRR27343214	SAMN39106073	SRS19982766	20210924MCX011	20210924MCX011 RNA	RNA-Seq	METATRANSCRIPTOMIC	SINGLE	799884	39618966	49	18.0	human metagenome			VISION MEDICALS CO., LTD.	not_wgs,not_metagenomic,not_dna_library
SRR27343414	SAMN39106014	SRS19982585	20210924MCX012	20210924MCX012 RNA	RNA-Seq	METATRANSCRIPTOMIC	SINGLE	278897	13380535	47	6.0	human metagenome			VISION MEDICALS CO., LTD.	not_wgs,not_metagenomic,not_dna_library
SRR27343579	SAMN39106244	SRS19982517	20210924MCX016	20210924MCX016 RNA	RNA-Seq	METATRANSCRIPTOMIC	SINGLE	953352	47192221	49	21.0	human metagenome			VISION MEDICALS CO., LTD.	not_wgs,not_metagenomic,not_dna_library
SRR27343604	SAMN39106164	SRS19982682	20210924MCX017	20210924MCX017 RNA	RNA-Seq	METATRANSCRIPTOMIC	SINGLE	328081	16084664	49	7.0	human metagenome			VISION MEDICALS CO., LTD.	not_wgs,not_metagenomic,not_dna_library
SRR27343578	SAMN39106245	SRS19982518	20210928MCX006	20210928MCX006 RNA	RNA-Seq	METATRANSCRIPTOMIC	SINGLE	700848	34120847	48	15.0	human metagenome			VISION MEDICALS CO., LTD.	not_wgs,not_metagenomic,not_dna_library
SRR27343576	SAMN39106246	SRS19982519	20210928MCX009	20210928MCX009 RNA	RNA-Seq	METATRANSCRIPTOMIC	SINGLE	940976	45711071	48	19.0	human metagenome			VISION MEDICALS CO., LTD.	not_wgs,not_metagenomic,not_dna_library
SRR27343575	SAMN39106247	SRS19982520	20210928MCX012	20210928MCX012 RNA	RNA-Seq	METATRANSCRIPTOMIC	SINGLE	452788	21908458	48	9.0	human metagenome			VISION MEDICALS CO., LTD.	not_wgs,not_metagenomic,not_dna_library
SRR27343979	SAMN39105988	SRS19982926	20210929MCX011	20210929MCX011 RNA	RNA-Seq	METATRANSCRIPTOMIC	SINGLE	209427	10471350	50	4.0	human metagenome			VISION MEDICALS CO., LTD.	not_wgs,not_metagenomic,not_dna_library
SRR27343574	SAMN39106248	SRS19982521	20211004MCX018	20211004MCX018 RNA	RNA-Seq	METATRANSCRIPTOMIC	SINGLE	354936	17689078	49	7.0	human metagenome			VISION MEDICALS CO., LTD.	not_wgs,not_metagenomic,not_dna_library
SRR27343253	SAMN39105923	SRS19982734	20211004MCX022	20211004MCX022 RNA	RNA-Seq	METATRANSCRIPTOMIC	SINGLE	2670684	132742186	49	54.0	human metagenome			VISION MEDICALS CO., LTD.	not_wgs,not_metagenomic,not_dna_library
SRR27343252	SAMN39105924	SRS19982481	20211004MCX024	20211004MCX024 RNA	RNA-Seq	METATRANSCRIPTOMIC	SINGLE	4202742	209004496	49	85.0	human metagenome			VISION MEDICALS CO., LTD.	not_wgs,not_metagenomic,not_dna_library
SRR27343573	SAMN39106249	SRS19982522	20211006MCX010	20211006MCX010 RNA	RNA-Seq	METATRANSCRIPTOMIC	SINGLE	268693	12967826	48	6.0	human metagenome			VISION MEDICALS CO., LTD.	not_wgs,not_metagenomic,not_dna_library
SRR27343932	SAMN39106117	SRS19982476	20211008MCX018	20211008MCX018 RNA	RNA-Seq	METATRANSCRIPTOMIC	SINGLE	164766	7821699	47	3.0	human metagenome			VISION MEDICALS CO., LTD.	not_wgs,not_metagenomic,not_dna_library
SRR27343572	SAMN39106250	SRS19982523	20211011MCX008	20211011MCX008 RNA	RNA-Seq	METATRANSCRIPTOMIC	SINGLE	288602	13849257	47	6.0	human metagenome			VISION MEDICALS CO., LTD.	not_wgs,not_metagenomic,not_dna_library
SRR27343974	SAMN39105993	SRS19982605	20211012MCX008	20211012MCX008 RNA	RNA-Seq	METATRANSCRIPTOMIC	SINGLE	496992	24503552	49	10.0	human metagenome			VISION MEDICALS CO., LTD.	not_wgs,not_metagenomic,not_dna_library
SRR27343234	SAMN39105940	SRS19982748	20211012MCX016	20211012MCX016 RNA	RNA-Seq	METATRANSCRIPTOMIC	SINGLE	368033	18016671	48	8.0	human metagenome			VISION MEDICALS CO., LTD.	not_wgs,not_metagenomic,not_dna_library
SRR27343413	SAMN39106015	SRS19982586	20211015MCX011	20211015MCX011 RNA	RNA-Seq	METATRANSCRIPTOMIC	SINGLE	743906	36814277	49	15.0	human metagenome			VISION MEDICALS CO., LTD.	not_wgs,not_metagenomic,not_dna_library
SRR27343571	SAMN39106251	SRS19982524	20211016MCX013	20211016MCX013 RNA	RNA-Seq	METATRANSCRIPTOMIC	SINGLE	394782	19076198	48	9.0	human metagenome			VISION MEDICALS CO., LTD.	not_wgs,not_metagenomic,not_dna_library
SRR27343570	SAMN39106252	SRS19982526	20211016MCX015	20211016MCX015 RNA	RNA-Seq	METATRANSCRIPTOMIC	SINGLE	912861	45643050	50	21.0	human metagenome			VISION MEDICALS CO., LTD.	not_wgs,not_metagenomic,not_dna_library
SRR27343569	SAMN39106253	SRS19982527	20211019MCX016	20211019MCX016 RNA	RNA-Seq	METATRANSCRIPTOMIC	SINGLE	204486	10224300	50	4.0	human metagenome			VISION MEDICALS CO., LTD.	not_wgs,not_metagenomic,not_dna_library
SRR27343995	SAMN39105974	SRS19982920	20211019MCX022	20211019MCX022 RNA	RNA-Seq	METATRANSCRIPTOMIC	SINGLE	771149	38557450	50	16.0	human metagenome			VISION MEDICALS CO., LTD.	not_wgs,not_metagenomic,not_dna_library
SRR27343568	SAMN39106254	SRS19982528	20211020MCX013	20211020MCX013 RNA	RNA-Seq	METATRANSCRIPTOMIC	SINGLE	386725	18682363	48	8.0	human metagenome			VISION MEDICALS CO., LTD.	not_wgs,not_metagenomic,not_dna_library
SRR27343411	SAMN39106016	SRS19982588	20211021MCX010	20211021MCX010 RNA	RNA-Seq	METATRANSCRIPTOMIC	SINGLE	932865	46643250	50	20.0	human metagenome			VISION MEDICALS CO., LTD.	not_wgs,not_metagenomic,not_dna_library
SRR27343382	SAMN39106186	SRS19982617	20211022MCX006	20211022MCX006 RNA	RNA-Seq	METATRANSCRIPTOMIC	SINGLE	286712	14335600	50	6.0	human metagenome			VISION MEDICALS CO., LTD.	not_wgs,not_metagenomic,not_dna_library
SRR27343994	SAMN39105975	SRS19982921	20211022MCX007	20211022MCX007 RNA	RNA-Seq	METATRANSCRIPTOMIC	SINGLE	516095	25496604	49	11.0	human metagenome			VISION MEDICALS CO., LTD.	not_wgs,not_metagenomic,not_dna_library
SRR27343395	SAMN39106175	SRS19982604	20211022MCX010	20211022MCX010 RNA	RNA-Seq	METATRANSCRIPTOMIC	SINGLE	254653	12122474	47	5.0	human metagenome			VISION MEDICALS CO., LTD.	not_wgs,not_metagenomic,not_dna_library
SRR27343233	SAMN39105941	SRS19982749	20211022MCX013	20211022MCX013 RNA	RNA-Seq	METATRANSCRIPTOMIC	SINGLE	351040	16575594	47	7.0	human metagenome			VISION MEDICALS CO., LTD.	not_wgs,not_metagenomic,not_dna_library
SRR27343567	SAMN39106255	SRS19982529	20211022MCX015	20211022MCX015 RNA	RNA-Seq	METATRANSCRIPTOMIC	SINGLE	215659	10339439	47	4.0	human metagenome			VISION MEDICALS CO., LTD.	not_wgs,not_metagenomic,not_dna_library
SRR27343909	SAMN39106138	SRS19982500	20211022MCX016	20211022MCX016 RNA	RNA-Seq	METATRANSCRIPTOMIC	SINGLE	943702	47185100	50	20.0	human metagenome			VISION MEDICALS CO., LTD.	not_wgs,not_metagenomic,not_dna_library
SRR27343565	SAMN39106256	SRS19982530	20211026MCX013	20211026MCX013 RNA	RNA-Seq	METATRANSCRIPTOMIC	SINGLE	413243	19919993	48	9.0	human metagenome			VISION MEDICALS CO., LTD.	not_wgs,not_metagenomic,not_dna_library
SRR27343992	SAMN39105976	SRS19982576	20211026MCX022	20211026MCX022 RNA	RNA-Seq	METATRANSCRIPTOMIC	SINGLE	456163	22808150	50	10.0	human metagenome			VISION MEDICALS CO., LTD.	not_wgs,not_metagenomic,not_dna_library
SRR27343564	SAMN39106257	SRS19982531	20211028MCX015	20211028MCX015 RNA	RNA-Seq	METATRANSCRIPTOMIC	SINGLE	215588	10779400	50	5.0	human metagenome			VISION MEDICALS CO., LTD.	not_wgs,not_metagenomic,not_dna_library
SRR27343410	SAMN39106017	SRS19982589	20211028MCX021	20211028MCX021 RNA	RNA-Seq	METATRANSCRIPTOMIC	SINGLE	1080863	54043150	50	23.0	human metagenome			VISION MEDICALS CO., LTD.	not_wgs,not_metagenomic,not_dna_library
SRR27343245	SAMN39105930	SRS19982738	20211028MCX025	20211028MCX025 RNA	RNA-Seq	METATRANSCRIPTOMIC	SINGLE	203813	10190650	50	4.0	human metagenome			VISION MEDICALS CO., LTD.	not_wgs,not_metagenomic,not_dna_library
SRR27343563	SAMN39106258	SRS19982532	20211029MCX010	20211029MCX010 RNA	RNA-Seq	METATRANSCRIPTOMIC	SINGLE	3924995	195716104	49	78.0	human metagenome			VISION MEDICALS CO., LTD.	not_wgs,not_metagenomic,not_dna_library
SRR27343562	SAMN39106259	SRS19982533	20211029MCX014	20211029MCX014 RNA	RNA-Seq	METATRANSCRIPTOMIC	SINGLE	536171	26808550	50	11.0	human metagenome			VISION MEDICALS CO., LTD.	not_wgs,not_metagenomic,not_dna_library
SRR27343232	SAMN39105942	SRS19982482	20211101MCX015	20211101MCX015 RNA	RNA-Seq	METATRANSCRIPTOMIC	SINGLE	1923956	96197800	50	41.0	human metagenome			VISION MEDICALS CO., LTD.	not_wgs,not_metagenomic,not_dna_library
SRR27343618	SAMN39106151	SRS19982669	20211103MCX002	20211103MCX002 RNA	RNA-Seq	METATRANSCRIPTOMIC	SINGLE	1169396	58469800	50	27.0	human metagenome			VISION MEDICALS CO., LTD.	not_wgs,not_metagenomic,not_dna_library
SRR27343420	SAMN39106008	SRS19982579	20211103MCX004	20211103MCX004 RNA	RNA-Seq	METATRANSCRIPTOMIC	SINGLE	1597769	78732349	49	36.0	human metagenome			VISION MEDICALS CO., LTD.	not_wgs,not_metagenomic,not_dna_library
SRR27343915	SAMN39106133	SRS19982495	20211103MCX005	20211103MCX005 RNA	RNA-Seq	METATRANSCRIPTOMIC	SINGLE	1345320	67266000	50	31.0	human metagenome			VISION MEDICALS CO., LTD.	not_wgs,not_metagenomic,not_dna_library
SRR27343617	SAMN39106152	SRS19982672	20211104MCX009	20211104MCX009 RNA	RNA-Seq	METATRANSCRIPTOMIC	SINGLE	833462	41561308	49	17.0	human metagenome			VISION MEDICALS CO., LTD.	not_wgs,not_metagenomic,not_dna_library
SRR27343599	SAMN39106167	SRS19982685	20211104MCX017	20211104MCX017 RNA	RNA-Seq	METATRANSCRIPTOMIC	SINGLE	255528	12431059	48	5.0	human metagenome			VISION MEDICALS CO., LTD.	not_wgs,not_metagenomic,not_dna_library
SRR27343424	SAMN39106005	SRS19982575	20211106MCX005	20211106MCX005 RNA	RNA-Seq	METATRANSCRIPTOMIC	SINGLE	273905	13695250	50	6.0	human metagenome			VISION MEDICALS CO., LTD.	not_wgs,not_metagenomic,not_dna_library
SRR27343561	SAMN39106260	SRS19982534	20211106MCX007	20211106MCX007 RNA	RNA-Seq	METATRANSCRIPTOMIC	SINGLE	558953	27158262	48	13.0	human metagenome			VISION MEDICALS CO., LTD.	not_wgs,not_metagenomic,not_dna_library
SRR27343560	SAMN39106261	SRS19982535	20211109MCX014	20211109MCX014 RNA	RNA-Seq	METATRANSCRIPTOMIC	SINGLE	2565781	127549295	49	54.0	human metagenome			VISION MEDICALS CO., LTD.	not_wgs,not_metagenomic,not_dna_library
SRR27343559	SAMN39106262	SRS19982537	20211109MCX016	20211109MCX016 RNA	RNA-Seq	METATRANSCRIPTOMIC	SINGLE	617375	30230371	48	14.0	human metagenome			VISION MEDICALS CO., LTD.	not_wgs,not_metagenomic,not_dna_library
SRR27343558	SAMN39106263	SRS19982538	20211110MCX010	20211110MCX010 RNA	RNA-Seq	METATRANSCRIPTOMIC	SINGLE	386911	19134826	49	8.0	human metagenome			VISION MEDICALS CO., LTD.	not_wgs,not_metagenomic,not_dna_library
SRR27343389	SAMN39106180	SRS19982610	20211112MCX010	20211112MCX010 RNA	RNA-Seq	METATRANSCRIPTOMIC	SINGLE	3150435	155059767	49	68.0	human metagenome			VISION MEDICALS CO., LTD.	not_wgs,not_metagenomic,not_dna_library
SRR27343656	SAMN39106087	SRS19982818	20211112MCX014	20211112MCX014 RNA	RNA-Seq	METATRANSCRIPTOMIC	SINGLE	336477	16823850	50	7.0	human metagenome			VISION MEDICALS CO., LTD.	not_wgs,not_metagenomic,not_dna_library
SRR27343557	SAMN39106264	SRS19982539	20211113MCX008	20211113MCX008 RNA	RNA-Seq	METATRANSCRIPTOMIC	SINGLE	1182702	52967778	44	25.0	human metagenome			VISION MEDICALS CO., LTD.	not_wgs,not_metagenomic,not_dna_library
SRR27343652	SAMN39106091	SRS19982822	20211115MCX003	20211115MCX003 RNA	RNA-Seq	METATRANSCRIPTOMIC	SINGLE	1647897	81178474	49	37.0	human metagenome			VISION MEDICALS CO., LTD.	not_wgs,not_metagenomic,not_dna_library
SRR27343409	SAMN39106018	SRS19982590	20211116MCX012	20211116MCX012 RNA	RNA-Seq	METATRANSCRIPTOMIC	SINGLE	1108229	55411450	50	24.0	human metagenome			VISION MEDICALS CO., LTD.	not_wgs,not_metagenomic,not_dna_library
SRR27343556	SAMN39106265	SRS19982540	20211117MCX010	20211117MCX010 RNA	RNA-Seq	METATRANSCRIPTOMIC	SINGLE	684628	33647140	49	15.0	human metagenome			VISION MEDICALS CO., LTD.	not_wgs,not_metagenomic,not_dna_library
SRR27343955	SAMN39106039	SRS19982798	20211117MCX012	20211117MCX012 RNA	RNA-Seq	METATRANSCRIPTOMIC	SINGLE	1805727	90286350	50	38.0	human metagenome			VISION MEDICALS CO., LTD.	not_wgs,not_metagenomic,not_dna_library
SRR27343461	SAMN39105943	SRS19982493	20211117MCX015	20211117MCX015 RNA	RNA-Seq	METATRANSCRIPTOMIC	SINGLE	471379	23568950	50	10.0	human metagenome			VISION MEDICALS CO., LTD.	not_wgs,not_metagenomic,not_dna_library
SRR27343977	SAMN39105990	SRS19982906	20211117MCX016	20211117MCX016 RNA	RNA-Seq	METATRANSCRIPTOMIC	SINGLE	567506	27799122	48	13.0	human metagenome			VISION MEDICALS CO., LTD.	not_wgs,not_metagenomic,not_dna_library
SRR27343616	SAMN39106153	SRS19982670	20211118MCX015	20211118MCX015 RNA	RNA-Seq	METATRANSCRIPTOMIC	SINGLE	2558486	127360330	49	55.0	human metagenome			VISION MEDICALS CO., LTD.	not_wgs,not_metagenomic,not_dna_library
SRR27343942	SAMN39106051	SRS19982810	20211119MCX007	20211119MCX007 RNA	RNA-Seq	METATRANSCRIPTOMIC	SINGLE	428996	21449800	50	10.0	human metagenome			VISION MEDICALS CO., LTD.	not_wgs,not_metagenomic,not_dna_library
SRR27343615	SAMN39106154	SRS19982671	20211119MCX011	20211119MCX011 RNA	RNA-Seq	METATRANSCRIPTOMIC	SINGLE	345087	16676586	48	8.0	human metagenome			VISION MEDICALS CO., LTD.	not_wgs,not_metagenomic,not_dna_library
SRR27343914	SAMN39106134	SRS19982496	20211120MCX005	20211120MCX005 RNA	RNA-Seq	METATRANSCRIPTOMIC	SINGLE	233851	11692550	50	5.0	human metagenome			VISION MEDICALS CO., LTD.	not_wgs,not_metagenomic,not_dna_library
SRR27343408	SAMN39106019	SRS19982591	20211120MCX006	20211120MCX006 RNA	RNA-Seq	METATRANSCRIPTOMIC	SINGLE	154436	7721800	50	3.0	human metagenome			VISION MEDICALS CO., LTD.	not_wgs,not_metagenomic,not_dna_library
SRR27343963	SAMN39106032	SRS19982791	20211123MCX010	20211123MCX010 RNA	RNA-Seq	METATRANSCRIPTOMIC	SINGLE	98943	4897887	49	2.0	human metagenome			VISION MEDICALS CO., LTD.	not_wgs,not_metagenomic,not_dna_library
SRR27343913	SAMN39106135	SRS19982497	20211123MCX011	20211123MCX011 RNA	RNA-Seq	METATRANSCRIPTOMIC	SINGLE	398594	19789068	49	9.0	human metagenome			VISION MEDICALS CO., LTD.	not_wgs,not_metagenomic,not_dna_library
SRR27343407	SAMN39106020	SRS19982592	20211124MCX016	20211124MCX016 RNA	RNA-Seq	METATRANSCRIPTOMIC	SINGLE	149161	7404523	49	3.0	human metagenome			VISION MEDICALS CO., LTD.	not_wgs,not_metagenomic,not_dna_library
SRR27343388	SAMN39106181	SRS19982611	20211124MCX019	20211124MCX019 RNA	RNA-Seq	METATRANSCRIPTOMIC	SINGLE	314976	15500183	49	7.0	human metagenome			VISION MEDICALS CO., LTD.	not_wgs,not_metagenomic,not_dna_library
SRR27343460	SAMN39105944	SRS19982504	20211125MCX009	20211125MCX009 RNA	RNA-Seq	METATRANSCRIPTOMIC	SINGLE	209540	10477000	50	5.0	human metagenome			VISION MEDICALS CO., LTD.	not_wgs,not_metagenomic,not_dna_library
SRR27343463	SAMN39106266	SRS19982541	20211125MCX012	20211125MCX012 DNA	WGS	METAGENOMIC	SINGLE	22520	1126000	50	0.0	human metagenome			VISION MEDICALS CO., LTD.	too_small
SRR27343553	SAMN39106266	SRS19982541	20211125MCX012	20211125MCX012 RNA	RNA-Seq	METATRANSCRIPTOMIC	SINGLE	464650	22998291	49	11.0	human metagenome			VISION MEDICALS CO., LTD.	not_wgs,not_metagenomic,not_dna_library
SRR27343595	SAMN39106171	SRS19982689	20211126MCX009	20211126MCX009 RNA	RNA-Seq	METATRANSCRIPTOMIC	SINGLE	99420	4971000	50	2.0	human metagenome			VISION MEDICALS CO., LTD.	not_wgs,not_metagenomic,not_dna_library
SRR27343552	SAMN39106267	SRS19982542	20211126MCX011	20211126MCX011 RNA	RNA-Seq	METATRANSCRIPTOMIC	SINGLE	173697	8684850	50	4.0	human metagenome			VISION MEDICALS CO., LTD.	not_wgs,not_metagenomic,not_dna_library
SRR27343551	SAMN39106268	SRS19982543	20211127MCX010	20211127MCX010 RNA	RNA-Seq	METATRANSCRIPTOMIC	SINGLE	1823002	91150100	50	42.0	human metagenome			VISION MEDICALS CO., LTD.	not_wgs,not_metagenomic,not_dna_library
SRR27343908	SAMN39106139	SRS19982501	20211127MCX011	20211127MCX011 RNA	RNA-Seq	METATRANSCRIPTOMIC	SINGLE	640510	30758216	48	14.0	human metagenome			VISION MEDICALS CO., LTD.	not_wgs,not_metagenomic,not_dna_library
SRR27343387	SAMN39106182	SRS19982612	20211130MCX010	20211130MCX010 RNA	RNA-Seq	METATRANSCRIPTOMIC	SINGLE	556033	27366152	49	12.0	human metagenome			VISION MEDICALS CO., LTD.	not_wgs,not_metagenomic,not_dna_library
SRR27343941	SAMN39106052	SRS19982811	20211130MCX014	20211130MCX014 RNA	RNA-Seq	METATRANSCRIPTOMIC	SINGLE	1148144	56817892	49	25.0	human metagenome			VISION MEDICALS CO., LTD.	not_wgs,not_metagenomic,not_dna_library
SRR27343384	SAMN39106185	SRS19982615	20211203MCX011	20211203MCX011 RNA	RNA-Seq	METATRANSCRIPTOMIC	SINGLE	368342	18417100	50	8.0	human metagenome			VISION MEDICALS CO., LTD.	not_wgs,not_metagenomic,not_dna_library
SRR27343386	SAMN39106183	SRS19982613	20211204MCX004	20211204MCX004 RNA	RNA-Seq	METATRANSCRIPTOMIC	SINGLE	5762745	286221651	49	127.0	human metagenome			VISION MEDICALS CO., LTD.	not_wgs,not_metagenomic,not_dna_library
SRR27343243	SAMN39105932	SRS19982740	20211204MCX005	20211204MCX005 RNA	RNA-Seq	METATRANSCRIPTOMIC	SINGLE	814704	40735200	50	19.0	human metagenome			VISION MEDICALS CO., LTD.	not_wgs,not_metagenomic,not_dna_library
SRR27343614	SAMN39106155	SRS19982673	20211207MCX007	20211207MCX007 RNA	RNA-Seq	METATRANSCRIPTOMIC	SINGLE	82702	4135100	50	2.0	human metagenome			VISION MEDICALS CO., LTD.	not_wgs,not_metagenomic,not_dna_library
SRR27343550	SAMN39106269	SRS19982850	20211207MCX012	20211207MCX012 RNA	RNA-Seq	METATRANSCRIPTOMIC	SINGLE	144550	7227500	50	3.0	human metagenome			VISION MEDICALS CO., LTD.	not_wgs,not_metagenomic,not_dna_library
SRR27343549	SAMN39106270	SRS19982851	20211208MCX010	20211208MCX010 RNA	RNA-Seq	METATRANSCRIPTOMIC	SINGLE	454507	22725350	50	10.0	human metagenome			VISION MEDICALS CO., LTD.	not_wgs,not_metagenomic,not_dna_library
SRR27343655	SAMN39106088	SRS19982819	20211208MCX015	20211208MCX015 RNA	RNA-Seq	METATRANSCRIPTOMIC	SINGLE	322318	16115900	50	7.0	human metagenome			VISION MEDICALS CO., LTD.	not_wgs,not_metagenomic,not_dna_library
SRR27343911	SAMN39106136	SRS19982498	20211209MCX017	20211209MCX017 RNA	RNA-Seq	METATRANSCRIPTOMIC	SINGLE	290559	14527950	50	7.0	human metagenome			VISION MEDICALS CO., LTD.	not_wgs,not_metagenomic,not_dna_library
SRR27343548	SAMN39106271	SRS19982852	20211209MCX019	20211209MCX019 RNA	RNA-Seq	METATRANSCRIPTOMIC	SINGLE	492166	23771511	48	11.0	human metagenome			VISION MEDICALS CO., LTD.	not_wgs,not_metagenomic,not_dna_library
SRR27343547	SAMN39106272	SRS19982853	20211210MCX014	20211210MCX014 RNA	RNA-Seq	METATRANSCRIPTOMIC	SINGLE	567799	28389950	50	13.0	human metagenome			VISION MEDICALS CO., LTD.	not_wgs,not_metagenomic,not_dna_library
SRR27343984	SAMN39105984	SRS19982781	20211215MCX006	20211215MCX006 RNA	RNA-Seq	METATRANSCRIPTOMIC	SINGLE	302727	14818478	48	7.0	human metagenome			VISION MEDICALS CO., LTD.	not_wgs,not_metagenomic,not_dna_library
SRR27343251	SAMN39105925	SRS19982709	20211215MCX012	20211215MCX012 RNA	RNA-Seq	METATRANSCRIPTOMIC	SINGLE	277878	13893900	50	6.0	human metagenome			VISION MEDICALS CO., LTD.	not_wgs,not_metagenomic,not_dna_library
SRR27343991	SAMN39105977	SRS19982587	20211216MCX009	20211216MCX009 RNA	RNA-Seq	METATRANSCRIPTOMIC	SINGLE	3484059	173910013	49	74.0	human metagenome			VISION MEDICALS CO., LTD.	not_wgs,not_metagenomic,not_dna_library
SRR27343612	SAMN39106156	SRS19982674	20211216MCX010	20211216MCX010 RNA	RNA-Seq	METATRANSCRIPTOMIC	SINGLE	565273	28263650	50	13.0	human metagenome			VISION MEDICALS CO., LTD.	not_wgs,not_metagenomic,not_dna_library
SRR27343940	SAMN39106053	SRS19982812	20211217MCX014	20211217MCX014 RNA	RNA-Seq	METATRANSCRIPTOMIC	SINGLE	429222	21461100	50	9.0	human metagenome			VISION MEDICALS CO., LTD.	not_wgs,not_metagenomic,not_dna_library
SRR27343939	SAMN39106054	SRS19982813	20211217MCX015	20211217MCX015 RNA	RNA-Seq	METATRANSCRIPTOMIC	SINGLE	919664	41533689	45	19.0	human metagenome			VISION MEDICALS CO., LTD.	not_wgs,not_metagenomic,not_dna_library
SRR27343459	SAMN39105945	SRS19982544	20211218MCX005	20211218MCX005 RNA	RNA-Seq	METATRANSCRIPTOMIC	SINGLE	1511633	75433689	49	33.0	human metagenome			VISION MEDICALS CO., LTD.	not_wgs,not_metagenomic,not_dna_library
SRR27343546	SAMN39106273	SRS19982854	20211218MCX011	20211218MCX011 RNA	RNA-Seq	METATRANSCRIPTOMIC	SINGLE	2287763	113826659	49	50.0	human metagenome			VISION MEDICALS CO., LTD.	not_wgs,not_metagenomic,not_dna_library
SRR27343209	SAMN39106077	SRS19982771	20211221MCX010	20211221MCX010 RNA	RNA-Seq	METATRANSCRIPTOMIC	SINGLE	209031	10451550	50	5.0	human metagenome			VISION MEDICALS CO., LTD.	not_wgs,not_metagenomic,not_dna_library
SRR27343545	SAMN39106274	SRS19982855	20211222MCX007	20211222MCX007 RNA	RNA-Seq	METATRANSCRIPTOMIC	SINGLE	143623	7181150	50	3.0	human metagenome			VISION MEDICALS CO., LTD.	not_wgs,not_metagenomic,not_dna_library
SRR27343598	SAMN39106168	SRS19982686	20211222MCX010	20211222MCX010 RNA	RNA-Seq	METATRANSCRIPTOMIC	SINGLE	151212	7560600	50	3.0	human metagenome			VISION MEDICALS CO., LTD.	not_wgs,not_metagenomic,not_dna_library
SRR27343990	SAMN39105978	SRS19982598	20211223MCX008	20211223MCX008 RNA	RNA-Seq	METATRANSCRIPTOMIC	SINGLE	606621	30331050	50	14.0	human metagenome			VISION MEDICALS CO., LTD.	not_wgs,not_metagenomic,not_dna_library
SRR27343970	SAMN39105996	SRS19982928	20211223MCX009	20211223MCX009 RNA	RNA-Seq	METATRANSCRIPTOMIC	SINGLE	176759	8533337	48	4.0	human metagenome			VISION MEDICALS CO., LTD.	not_wgs,not_metagenomic,not_dna_library
SRR27343457	SAMN39105946	SRS19982546	20211224MCX012	20211224MCX012 RNA	RNA-Seq	METATRANSCRIPTOMIC	SINGLE	671939	33002805	49	16.0	human metagenome			VISION MEDICALS CO., LTD.	not_wgs,not_metagenomic,not_dna_library
SRR27343910	SAMN39106137	SRS19982499	20211224MCX018	20211224MCX018 RNA	RNA-Seq	METATRANSCRIPTOMIC	SINGLE	244954	11807646	48	6.0	human metagenome			VISION MEDICALS CO., LTD.	not_wgs,not_metagenomic,not_dna_library
SRR27343544	SAMN39106275	SRS19982857	20211229MCX015	20211229MCX015 RNA	RNA-Seq	METATRANSCRIPTOMIC	SINGLE	343276	17163800	50	8.0	human metagenome			VISION MEDICALS CO., LTD.	not_wgs,not_metagenomic,not_dna_library
SRR27343542	SAMN39106276	SRS19982856	20211229MCX016	20211229MCX016 RNA	RNA-Seq	METATRANSCRIPTOMIC	SINGLE	582981	28637237	49	13.0	human metagenome			VISION MEDICALS CO., LTD.	not_wgs,not_metagenomic,not_dna_library
SRR27343456	SAMN39105947	SRS19982547	20211229MCX017	20211229MCX017 RNA	RNA-Seq	METATRANSCRIPTOMIC	SINGLE	410122	20506100	50	9.0	human metagenome			VISION MEDICALS CO., LTD.	not_wgs,not_metagenomic,not_dna_library
SRR27343541	SAMN39106277	SRS19982858	20211230MCX010	20211230MCX010 RNA	RNA-Seq	METATRANSCRIPTOMIC	SINGLE	1801187	89273356	49	41.0	human metagenome			VISION MEDICALS CO., LTD.	not_wgs,not_metagenomic,not_dna_library
SRR27343540	SAMN39106278	SRS19982859	20211230MCX011	20211230MCX011 RNA	RNA-Seq	METATRANSCRIPTOMIC	SINGLE	899396	44969800	50	21.0	human metagenome			VISION MEDICALS CO., LTD.	not_wgs,not_metagenomic,not_dna_library
SRR27343455	SAMN39105948	SRS19982548	20211230MCX012	20211230MCX012 RNA	RNA-Seq	METATRANSCRIPTOMIC	SINGLE	698773	34938650	50	16.0	human metagenome			VISION MEDICALS CO., LTD.	not_wgs,not_metagenomic,not_dna_library
SRR27343539	SAMN39106279	SRS19982861	20211231MCX012	20211231MCX012 RNA	RNA-Seq	METATRANSCRIPTOMIC	SINGLE	3774262	188513470	49	81.0	human metagenome			VISION MEDICALS CO., LTD.	not_wgs,not_metagenomic,not_dna_library
SRR27343201	SAMN39106085	SRS19982778	20220104MCX011	20220104MCX011 RNA	RNA-Seq	METATRANSCRIPTOMIC	SINGLE	406250	19886628	48	9.0	human metagenome			VISION MEDICALS CO., LTD.	not_wgs,not_metagenomic,not_dna_library
SRR27343385	SAMN39106184	SRS19982614	20220104MCX015	20220104MCX015 RNA	RNA-Seq	METATRANSCRIPTOMIC	SINGLE	520839	25829381	49	12.0	human metagenome			VISION MEDICALS CO., LTD.	not_wgs,not_metagenomic,not_dna_library
SRR27343406	SAMN39106021	SRS19982593	20220105MCX008	20220105MCX008 RNA	RNA-Seq	METATRANSCRIPTOMIC	SINGLE	664784	33216707	49	15.0	human metagenome			VISION MEDICALS CO., LTD.	not_wgs,not_metagenomic,not_dna_library
SRR27343608	SAMN39106160	SRS19982678	20220105MCX010	20220105MCX010 RNA	RNA-Seq	METATRANSCRIPTOMIC	SINGLE	212222	10611100	50	5.0	human metagenome			VISION MEDICALS CO., LTD.	not_wgs,not_metagenomic,not_dna_library
SRR27343538	SAMN39106280	SRS19982860	20220105MCX011	20220105MCX011 RNA	RNA-Seq	METATRANSCRIPTOMIC	SINGLE	201041	10052050	50	5.0	human metagenome			VISION MEDICALS CO., LTD.	not_wgs,not_metagenomic,not_dna_library
SRR27343928	SAMN39106121	SRS19982480	20220106MCX009	20220106MCX009 RNA	RNA-Seq	METATRANSCRIPTOMIC	SINGLE	219030	10951500	50	5.0	human metagenome			VISION MEDICALS CO., LTD.	not_wgs,not_metagenomic,not_dna_library
SRR27343454	SAMN39105949	SRS19982549	20220111MCX017	20220111MCX017 RNA	RNA-Seq	METATRANSCRIPTOMIC	SINGLE	238189	11909450	50	5.0	human metagenome			VISION MEDICALS CO., LTD.	not_wgs,not_metagenomic,not_dna_library
SRR27343249	SAMN39105926	SRS19982735	20220112MCX014	20220112MCX014 RNA	RNA-Seq	METATRANSCRIPTOMIC	SINGLE	2984346	147897991	49	64.0	human metagenome			VISION MEDICALS CO., LTD.	not_wgs,not_metagenomic,not_dna_library
SRR27343537	SAMN39106281	SRS19982862	20220112MCX016	20220112MCX016 RNA	RNA-Seq	METATRANSCRIPTOMIC	SINGLE	496695	24834750	50	11.0	human metagenome			VISION MEDICALS CO., LTD.	not_wgs,not_metagenomic,not_dna_library
SRR27343938	SAMN39106055	SRS19982814	20220112MCX017	20220112MCX017 RNA	RNA-Seq	METATRANSCRIPTOMIC	SINGLE	521287	26064350	50	12.0	human metagenome			VISION MEDICALS CO., LTD.	not_wgs,not_metagenomic,not_dna_library
SRR27343453	SAMN39105950	SRS19982550	20220112MCX018	20220112MCX018 RNA	RNA-Seq	METATRANSCRIPTOMIC	SINGLE	484632	24231600	50	11.0	human metagenome			VISION MEDICALS CO., LTD.	not_wgs,not_metagenomic,not_dna_library
SRR27343536	SAMN39106282	SRS19982863	20220113MCX017	20220113MCX017 RNA	RNA-Seq	METATRANSCRIPTOMIC	SINGLE	1788173	89408650	50	40.0	human metagenome			VISION MEDICALS CO., LTD.	not_wgs,not_metagenomic,not_dna_library
SRR27343220	SAMN39106067	SRS19982759	20220114MCX015	20220114MCX015 RNA	RNA-Seq	METATRANSCRIPTOMIC	SINGLE	316436	15066030	47	7.0	human metagenome			VISION MEDICALS CO., LTD.	not_wgs,not_metagenomic,not_dna_library
SRR27343535	SAMN39106283	SRS19982864	20220115MCX009	20220115MCX009 RNA	RNA-Seq	METATRANSCRIPTOMIC	SINGLE	416889	20844450	50	10.0	human metagenome			VISION MEDICALS CO., LTD.	not_wgs,not_metagenomic,not_dna_library
SRR27343205	SAMN39106081	SRS19982776	20220115MCX010	20220115MCX010 RNA	RNA-Seq	METATRANSCRIPTOMIC	SINGLE	350829	17541450	50	8.0	human metagenome			VISION MEDICALS CO., LTD.	not_wgs,not_metagenomic,not_dna_library
SRR27343534	SAMN39106284	SRS19982865	20220115MCX016	20220115MCX016 RNA	RNA-Seq	METATRANSCRIPTOMIC	SINGLE	566161	28308050	50	13.0	human metagenome			VISION MEDICALS CO., LTD.	not_wgs,not_metagenomic,not_dna_library
SRR27343219	SAMN39106068	SRS19982760	20220118MCX016	20220118MCX016 RNA	RNA-Seq	METATRANSCRIPTOMIC	SINGLE	772862	37357322	48	17.0	human metagenome			VISION MEDICALS CO., LTD.	not_wgs,not_metagenomic,not_dna_library
SRR27343989	SAMN39105979	SRS19982922	20220119MCX020	20220119MCX020 RNA	RNA-Seq	METATRANSCRIPTOMIC	SINGLE	427538	21376900	50	9.0	human metagenome			VISION MEDICALS CO., LTD.	not_wgs,not_metagenomic,not_dna_library
SRR27343533	SAMN39106285	SRS19982866	20220121MCX008	20220121MCX008 RNA	RNA-Seq	METATRANSCRIPTOMIC	SINGLE	777719	38885950	50	17.0	human metagenome			VISION MEDICALS CO., LTD.	not_wgs,not_metagenomic,not_dna_library
SRR27343531	SAMN39106286	SRS19982867	20220121MCX009	20220121MCX009 RNA	RNA-Seq	METATRANSCRIPTOMIC	SINGLE	297195	14859750	50	7.0	human metagenome			VISION MEDICALS CO., LTD.	not_wgs,not_metagenomic,not_dna_library
SRR27343978	SAMN39105989	SRS19982927	20220122MCX010	20220122MCX010 RNA	RNA-Seq	METATRANSCRIPTOMIC	SINGLE	1822719	89963488	49	37.0	human metagenome			VISION MEDICALS CO., LTD.	not_wgs,not_metagenomic,not_dna_library
SRR27343530	SAMN39106287	SRS19982475	20220122MCX014	20220122MCX014 RNA	RNA-Seq	METATRANSCRIPTOMIC	SINGLE	2794846	138663077	49	52.0	human metagenome			VISION MEDICALS CO., LTD.	not_wgs,not_metagenomic,not_dna_library
SRR27343218	SAMN39106069	SRS19982762	20220125MCX016	20220125MCX016 RNA	RNA-Seq	METATRANSCRIPTOMIC	SINGLE	1038226	51911300	50	23.0	human metagenome			VISION MEDICALS CO., LTD.	not_wgs,not_metagenomic,not_dna_library
SRR27343405	SAMN39106022	SRS19982594	20220127MCX014	20220127MCX014 RNA	RNA-Seq	METATRANSCRIPTOMIC	SINGLE	729468	36473400	50	16.0	human metagenome			VISION MEDICALS CO., LTD.	not_wgs,not_metagenomic,not_dna_library
SRR27343404	SAMN39106023	SRS19982595	20220127MCX022	20220127MCX022 RNA	RNA-Seq	METATRANSCRIPTOMIC	SINGLE	622001	30790558	49	13.0	human metagenome			VISION MEDICALS CO., LTD.	not_wgs,not_metagenomic,not_dna_library
SRR27343365	SAMN39106288	SRS19982634	20220127MCX024	20220127MCX024 RNA	RNA-Seq	METATRANSCRIPTOMIC	SINGLE	163306	7930667	48	3.0	human metagenome			VISION MEDICALS CO., LTD.	not_wgs,not_metagenomic,not_dna_library
SRR27343933	SAMN39106116	SRS19982847	20220127MCX026	20220127MCX026 RNA	RNA-Seq	METATRANSCRIPTOMIC	SINGLE	125962	6061479	48	3.0	human metagenome			VISION MEDICALS CO., LTD.	not_wgs,not_metagenomic,not_dna_library
SRR27343364	SAMN39106289	SRS19982635	20220127MCX030	20220127MCX030 RNA	RNA-Seq	METATRANSCRIPTOMIC	SINGLE	185392	9269600	50	4.0	human metagenome			VISION MEDICALS CO., LTD.	not_wgs,not_metagenomic,not_dna_library
SRR27343988	SAMN39105980	SRS19982923	20220210MCX018	20220210MCX018 RNA	RNA-Seq	METATRANSCRIPTOMIC	SINGLE	576410	28426703	49	12.0	human metagenome			VISION MEDICALS CO., LTD.	not_wgs,not_metagenomic,not_dna_library
SRR27343957	SAMN39106037	SRS19982796	20220212MCX010	20220212MCX010 RNA	RNA-Seq	METATRANSCRIPTOMIC	SINGLE	232858	11642900	50	5.0	human metagenome			VISION MEDICALS CO., LTD.	not_wgs,not_metagenomic,not_dna_library
SRR27343936	SAMN39106056	SRS19982815	20220215MCX018	20220215MCX018 RNA	RNA-Seq	METATRANSCRIPTOMIC	SINGLE	290806	14540300	50	7.0	human metagenome			VISION MEDICALS CO., LTD.	not_wgs,not_metagenomic,not_dna_library
SRR27343935	SAMN39106057	SRS19982816	20220215MCX021	20220215MCX021 RNA	RNA-Seq	METATRANSCRIPTOMIC	SINGLE	1086503	54325150	50	24.0	human metagenome			VISION MEDICALS CO., LTD.	not_wgs,not_metagenomic,not_dna_library
SRR27343363	SAMN39106290	SRS19982636	20220217MCX012	20220217MCX012 RNA	RNA-Seq	METATRANSCRIPTOMIC	SINGLE	393965	19286809	48	9.0	human metagenome			VISION MEDICALS CO., LTD.	not_wgs,not_metagenomic,not_dna_library
SRR27343651	SAMN39106092	SRS19982823	20220218MCX014	20220218MCX014 RNA	RNA-Seq	METATRANSCRIPTOMIC	SINGLE	485684	24284200	50	11.0	human metagenome			VISION MEDICALS CO., LTD.	not_wgs,not_metagenomic,not_dna_library
SRR27343362	SAMN39106291	SRS19982637	20220219MCX016	20220219MCX016 RNA	RNA-Seq	METATRANSCRIPTOMIC	SINGLE	723226	36161300	50	17.0	human metagenome			VISION MEDICALS CO., LTD.	not_wgs,not_metagenomic,not_dna_library
SRR27343968	SAMN39105998	SRS19982930	20220224MCX007	20220224MCX007 RNA	RNA-Seq	METATRANSCRIPTOMIC	SINGLE	412356	20302426	49	10.0	human metagenome			VISION MEDICALS CO., LTD.	not_wgs,not_metagenomic,not_dna_library
SRR27343607	SAMN39106161	SRS19982679	20220225MCX010	20220225MCX010 RNA	RNA-Seq	METATRANSCRIPTOMIC	SINGLE	415584	20779200	50	10.0	human metagenome			VISION MEDICALS CO., LTD.	not_wgs,not_metagenomic,not_dna_library
SRR27343361	SAMN39106292	SRS19982638	20220226MCX019	20220226MCX019 RNA	RNA-Seq	METATRANSCRIPTOMIC	SINGLE	676137	33326517	49	14.0	human metagenome			VISION MEDICALS CO., LTD.	not_wgs,not_metagenomic,not_dna_library
SRR27343597	SAMN39106169	SRS19982687	20220226MCX020	20220226MCX020 RNA	RNA-Seq	METATRANSCRIPTOMIC	SINGLE	167096	7971932	47	4.0	human metagenome			VISION MEDICALS CO., LTD.	not_wgs,not_metagenomic,not_dna_library
SRR27343231	SAMN39106058	SRS19982750	20220226MCX022	20220226MCX022 RNA	RNA-Seq	METATRANSCRIPTOMIC	SINGLE	427649	21382450	50	10.0	human metagenome			VISION MEDICALS CO., LTD.	not_wgs,not_metagenomic,not_dna_library
SRR27343975	SAMN39105992	SRS19982908	20220301MCX019	20220301MCX019 RNA	RNA-Seq	METATRANSCRIPTOMIC	SINGLE	1032297	51614850	50	23.0	human metagenome			VISION MEDICALS CO., LTD.	not_wgs,not_metagenomic,not_dna_library
SRR27343954	SAMN39106040	SRS19982799	20220304MCX013	20220304MCX013 RNA	RNA-Seq	METATRANSCRIPTOMIC	SINGLE	361121	17787029	49	8.0	human metagenome			VISION MEDICALS CO., LTD.	not_wgs,not_metagenomic,not_dna_library
SRR27343962	SAMN39106033	SRS19982792	20220305MCX010	20220305MCX010 RNA	RNA-Seq	METATRANSCRIPTOMIC	SINGLE	556559	27827950	50	13.0	human metagenome			VISION MEDICALS CO., LTD.	not_wgs,not_metagenomic,not_dna_library
SRR27343403	SAMN39106024	SRS19982596	20220308MCX015	20220308MCX015 RNA	RNA-Seq	METATRANSCRIPTOMIC	SINGLE	267290	12788396	47	6.0	human metagenome			VISION MEDICALS CO., LTD.	not_wgs,not_metagenomic,not_dna_library
SRR27343217	SAMN39106070	SRS19982763	20220308MCX017	20220308MCX017 RNA	RNA-Seq	METATRANSCRIPTOMIC	SINGLE	237312	11378264	47	5.0	human metagenome			VISION MEDICALS CO., LTD.	not_wgs,not_metagenomic,not_dna_library
SRR27343611	SAMN39106157	SRS19982675	20220310MCX026	20220310MCX026 RNA	RNA-Seq	METATRANSCRIPTOMIC	SINGLE	243360	11576633	47	5.0	human metagenome			VISION MEDICALS CO., LTD.	not_wgs,not_metagenomic,not_dna_library
SRR27343402	SAMN39106025	SRS19982597	20220311MCX014	20220311MCX014 RNA	RNA-Seq	METATRANSCRIPTOMIC	SINGLE	728112	35406025	48	16.0	human metagenome			VISION MEDICALS CO., LTD.	not_wgs,not_metagenomic,not_dna_library
SRR27343400	SAMN39106026	SRS19982599	20220318MCX013	20220318MCX013 RNA	RNA-Seq	METATRANSCRIPTOMIC	SINGLE	1176167	57586150	48	28.0	human metagenome			VISION MEDICALS CO., LTD.	not_wgs,not_metagenomic,not_dna_library
SRR27343986	SAMN39105982	SRS19982758	20220319MCX007	20220319MCX007 RNA	RNA-Seq	METATRANSCRIPTOMIC	SINGLE	1063209	53160450	50	25.0	human metagenome			VISION MEDICALS CO., LTD.	not_wgs,not_metagenomic,not_dna_library
SRR27343442	SAMN39105960	SRS19982557	20220319MCX015	20220319MCX015 RNA	RNA-Seq	METATRANSCRIPTOMIC	SINGLE	456932	22846600	50	11.0	human metagenome			VISION MEDICALS CO., LTD.	not_wgs,not_metagenomic,not_dna_library
SRR27343399	SAMN39106027	SRS19982600	20220322MCX015	20220322MCX015 RNA	RNA-Seq	METATRANSCRIPTOMIC	SINGLE	4402519	219240454	49	97.0	human metagenome			VISION MEDICALS CO., LTD.	not_wgs,not_metagenomic,not_dna_library
SRR27343451	SAMN39105952	SRS19982552	220406MCX00012	220406MCX00012 RNA	RNA-Seq	METATRANSCRIPTOMIC	SINGLE	534263	26713150	50	12.0	human metagenome			VISION MEDICALS CO., LTD.	not_wgs,not_metagenomic,not_dna_library
SRR27343452	SAMN39105951	SRS19982551	220610MCX00019	220610MCX00019 RNA	RNA-Seq	METATRANSCRIPTOMIC	SINGLE	131966	6598300	50	3.0	human metagenome			VISION MEDICALS CO., LTD.	not_wgs,not_metagenomic,not_dna_library
SRR27343441	SAMN39105961	SRS19982559	220623MCX00022	220623MCX00022 RNA	RNA-Seq	METATRANSCRIPTOMIC	SINGLE	480026	23891631	49	10.0	human metagenome			VISION MEDICALS CO., LTD.	not_wgs,not_metagenomic,not_dna_library
SRR27343610	SAMN39106158	SRS19982676	220625MCX00023	220625MCX00023 RNA	RNA-Seq	METATRANSCRIPTOMIC	SINGLE	104562	5136610	49	2.0	human metagenome			VISION MEDICALS CO., LTD.	not_wgs,not_metagenomic,not_dna_library
SRR27343649	SAMN39106094	SRS19982825	230401MCX00022	230401MCX00022 RNA	RNA-Seq	METATRANSCRIPTOMIC	SINGLE	3673846	183692300	50	66.0	human metagenome			VISION MEDICALS CO., LTD.	not_wgs,not_metagenomic,not_dna_library
SRR27343648	SAMN39106095	SRS19982826	230406MCX00012	230406MCX00012 RNA	RNA-Seq	METATRANSCRIPTOMIC	SINGLE	430895	20822295	48	9.0	human metagenome			VISION MEDICALS CO., LTD.	not_wgs,not_metagenomic,not_dna_library
SRR27343646	SAMN39106096	SRS19982827	230414MCX00014	230414MCX00014 RNA	RNA-Seq	METATRANSCRIPTOMIC	SINGLE	63370	3115146	49	1.0	human metagenome			VISION MEDICALS CO., LTD.	not_wgs,not_metagenomic,not_dna_library
SRR27343645	SAMN39106097	SRS19982828	230419MCX00028	230419MCX00028 RNA	RNA-Seq	METATRANSCRIPTOMIC	SINGLE	180307	9015350	50	4.0	human metagenome			VISION MEDICALS CO., LTD.	not_wgs,not_metagenomic,not_dna_library
SRR27343644	SAMN39106098	SRS19982829	230421MCX00020	230421MCX00020 RNA	RNA-Seq	METATRANSCRIPTOMIC	SINGLE	178720	8936000	50	4.0	human metagenome			VISION MEDICALS CO., LTD.	not_wgs,not_metagenomic,not_dna_library
SRR27343643	SAMN39106099	SRS19982830	230421MCX00028	230421MCX00028 RNA	RNA-Seq	METATRANSCRIPTOMIC	SINGLE	423071	20837197	49	9.0	human metagenome			VISION MEDICALS CO., LTD.	not_wgs,not_metagenomic,not_dna_library
SRR27343381	SAMN39106187	SRS19982618	230504MCX00021	230504MCX00021 RNA	RNA-Seq	METATRANSCRIPTOMIC	SINGLE	2283956	114197800	50	47.0	human metagenome			VISION MEDICALS CO., LTD.	not_wgs,not_metagenomic,not_dna_library
SRR27343380	SAMN39106188	SRS19982619	230505MCX00035	230505MCX00035 RNA	RNA-Seq	METATRANSCRIPTOMIC	SINGLE	283976	14198800	50	6.0	human metagenome			VISION MEDICALS CO., LTD.	not_wgs,not_metagenomic,not_dna_library
SRR27343379	SAMN39106189	SRS19982620	230509MCX00022	230509MCX00022 RNA	RNA-Seq	METATRANSCRIPTOMIC	SINGLE	317254	15862700	50	7.0	human metagenome			VISION MEDICALS CO., LTD.	not_wgs,not_metagenomic,not_dna_library
SRR27343378	SAMN39106190	SRS19982621	230510MCX00019	230510MCX00019 RNA	RNA-Seq	METATRANSCRIPTOMIC	SINGLE	300843	14738078	48	6.0	human metagenome			VISION MEDICALS CO., LTD.	not_wgs,not_metagenomic,not_dna_library
SRR27343377	SAMN39106191	SRS19982622	230510MCX00020	230510MCX00020 RNA	RNA-Seq	METATRANSCRIPTOMIC	SINGLE	336258	16440399	48	7.0	human metagenome			VISION MEDICALS CO., LTD.	not_wgs,not_metagenomic,not_dna_library
SRR27343376	SAMN39106192	SRS19982623	230512MCX00018	230512MCX00018 RNA	RNA-Seq	METATRANSCRIPTOMIC	SINGLE	546317	26488516	48	11.0	human metagenome			VISION MEDICALS CO., LTD.	not_wgs,not_metagenomic,not_dna_library
SRR27343642	SAMN39106100	SRS19982831	230516MCX00019	230516MCX00019 RNA	RNA-Seq	METATRANSCRIPTOMIC	SINGLE	369516	18475800	50	8.0	human metagenome			VISION MEDICALS CO., LTD.	not_wgs,not_metagenomic,not_dna_library
SRR27343641	SAMN39106101	SRS19982832	230516MCX00036	230516MCX00036 RNA	RNA-Seq	METATRANSCRIPTOMIC	SINGLE	348272	17086819	49	7.0	human metagenome			VISION MEDICALS CO., LTD.	not_wgs,not_metagenomic,not_dna_library
SRR27343375	SAMN39106193	SRS19982624	230517MCX00018	230517MCX00018 RNA	RNA-Seq	METATRANSCRIPTOMIC	SINGLE	783489	38720589	49	17.0	human metagenome			VISION MEDICALS CO., LTD.	not_wgs,not_metagenomic,not_dna_library
SRR27343374	SAMN39106194	SRS19982626	230517MCX00023	230517MCX00023 RNA	RNA-Seq	METATRANSCRIPTOMIC	SINGLE	137150	6629046	48	3.0	human metagenome			VISION MEDICALS CO., LTD.	not_wgs,not_metagenomic,not_dna_library
SRR27343373	SAMN39106195	SRS19982625	230518MCX00014	230518MCX00014 RNA	RNA-Seq	METATRANSCRIPTOMIC	SINGLE	378281	18413215	48	8.0	human metagenome			VISION MEDICALS CO., LTD.	not_wgs,not_metagenomic,not_dna_library
SRR27343640	SAMN39106102	SRS19982833	230523MCX00019	230523MCX00019 RNA	RNA-Seq	METATRANSCRIPTOMIC	SINGLE	348795	16994490	48	7.0	human metagenome			VISION MEDICALS CO., LTD.	not_wgs,not_metagenomic,not_dna_library
SRR27343639	SAMN39106103	SRS19982834	230524MCX00017	230524MCX00017 RNA	RNA-Seq	METATRANSCRIPTOMIC	SINGLE	227605	11102447	48	5.0	human metagenome			VISION MEDICALS CO., LTD.	not_wgs,not_metagenomic,not_dna_library
SRR27343638	SAMN39106104	SRS19982835	230524MCX00019	230524MCX00019 RNA	RNA-Seq	METATRANSCRIPTOMIC	SINGLE	232730	11255459	48	5.0	human metagenome			VISION MEDICALS CO., LTD.	not_wgs,not_metagenomic,not_dna_library
SRR27343371	SAMN39106196	SRS19982628	230526MCX00012	230526MCX00012 RNA	RNA-Seq	METATRANSCRIPTOMIC	SINGLE	758337	37311339	49	16.0	human metagenome			VISION MEDICALS CO., LTD.	not_wgs,not_metagenomic,not_dna_library
SRR27343637	SAMN39106105	SRS19982836	230527MCX00019	230527MCX00019 RNA	RNA-Seq	METATRANSCRIPTOMIC	SINGLE	3563923	173791576	48	78.0	human metagenome			VISION MEDICALS CO., LTD.	not_wgs,not_metagenomic,not_dna_library
SRR27343370	SAMN39106197	SRS19982627	230530MCX00020	230530MCX00020 RNA	RNA-Seq	METATRANSCRIPTOMIC	SINGLE	281225	13671158	48	6.0	human metagenome			VISION MEDICALS CO., LTD.	not_wgs,not_metagenomic,not_dna_library
SRR27343369	SAMN39106198	SRS19982630	230603MCX00015	230603MCX00015 RNA	RNA-Seq	METATRANSCRIPTOMIC	SINGLE	620184	30200927	48	12.0	human metagenome			VISION MEDICALS CO., LTD.	not_wgs,not_metagenomic,not_dna_library
SRR27343635	SAMN39106106	SRS19982837	230603MCX00017	230603MCX00017 RNA	RNA-Seq	METATRANSCRIPTOMIC	SINGLE	96408	4704299	48	2.0	human metagenome			VISION MEDICALS CO., LTD.	not_wgs,not_metagenomic,not_dna_library
SRR27343368	SAMN39106199	SRS19982631	230606MCX00022	230606MCX00022 RNA	RNA-Seq	METATRANSCRIPTOMIC	SINGLE	231708	11034301	47	5.0	human metagenome			VISION MEDICALS CO., LTD.	not_wgs,not_metagenomic,not_dna_library
SRR27343367	SAMN39106200	SRS19982632	230606MCX00030	230606MCX00030 RNA	RNA-Seq	METATRANSCRIPTOMIC	SINGLE	1175134	57924949	49	26.0	human metagenome			VISION MEDICALS CO., LTD.	not_wgs,not_metagenomic,not_dna_library
SRR27343634	SAMN39106107	SRS19982838	230609MCX00025	230609MCX00025 RNA	RNA-Seq	METATRANSCRIPTOMIC	SINGLE	282838	13872571	49	6.0	human metagenome			VISION MEDICALS CO., LTD.	not_wgs,not_metagenomic,not_dna_library
SRR27343633	SAMN39106108	SRS19982839	230610MCX00012	230610MCX00012 RNA	RNA-Seq	METATRANSCRIPTOMIC	SINGLE	367279	18111387	49	7.0	human metagenome			VISION MEDICALS CO., LTD.	not_wgs,not_metagenomic,not_dna_library
SRR27343632	SAMN39106109	SRS19982840	230610MCX00018	230610MCX00018 RNA	RNA-Seq	METATRANSCRIPTOMIC	SINGLE	258562	12595497	48	5.0	human metagenome			VISION MEDICALS CO., LTD.	not_wgs,not_metagenomic,not_dna_library
SRR27343631	SAMN39106110	SRS19982841	230613MCX00010	230613MCX00010 RNA	RNA-Seq	METATRANSCRIPTOMIC	SINGLE	2738108	134720903	49	59.0	human metagenome			VISION MEDICALS CO., LTD.	not_wgs,not_metagenomic,not_dna_library
SRR27343630	SAMN39106111	SRS19982842	230614MCX00013	230614MCX00013 RNA	RNA-Seq	METATRANSCRIPTOMIC	SINGLE	107196	5186919	48	2.0	human metagenome			VISION MEDICALS CO., LTD.	not_wgs,not_metagenomic,not_dna_library
SRR27343629	SAMN39106112	SRS19982843	230616MCX00017	230616MCX00017 RNA	RNA-Seq	METATRANSCRIPTOMIC	SINGLE	462663	21991636	47	10.0	human metagenome			VISION MEDICALS CO., LTD.	not_wgs,not_metagenomic,not_dna_library
SRR27343628	SAMN39106113	SRS19982844	230620MCX00025	230620MCX00025 RNA	RNA-Seq	METATRANSCRIPTOMIC	SINGLE	165272	8072715	48	3.0	human metagenome			VISION MEDICALS CO., LTD.	not_wgs,not_metagenomic,not_dna_library
SRR27343627	SAMN39106114	SRS19982845	230621MCX00018	230621MCX00018 RNA	RNA-Seq	METATRANSCRIPTOMIC	SINGLE	972477	48235375	49	20.0	human metagenome			VISION MEDICALS CO., LTD.	not_wgs,not_metagenomic,not_dna_library
SRR34061072	SAMN49480604	SRS25438328	NC1-DNA-ZY1009	ZY1009-1-N838D	WGS	METAGENOMIC	SINGLE	111461	5573050	50	2.0	human metagenome			VISION MEDICALS CO., LTD.	not_dna_library
SRR34061071	SAMN49480605	SRS25438329	NC1-RNA-ZY1009	ZY1009-1-N960R	RNA-Seq	METATRANSCRIPTOMIC	SINGLE	892648	43813719	49	19.0	human metagenome			VISION MEDICALS CO., LTD.	not_wgs,not_metagenomic,not_dna_library
SRR34061062	SAMN49480622	SRS25438338	NC10-DNA-ZY2693	ZY2693-1-N865D	WGS	METAGENOMIC	SINGLE	244482	12224100	50	6.0	human metagenome			VISION MEDICALS CO., LTD.	not_dna_library
SRR34061061	SAMN49480623	SRS25438339	NC10-RNA-ZY2693	ZY2693-1-N959R	RNA-Seq	METATRANSCRIPTOMIC	SINGLE	412478	19630127	47	9.0	human metagenome			VISION MEDICALS CO., LTD.	not_wgs,not_metagenomic,not_dna_library
SRR34061059	SAMN49480624	SRS25438341	NC11-DNA-ZY2876	ZY2876-1-C002D	WGS	METAGENOMIC	SINGLE	330856	16542800	50	8.0	human metagenome			VISION MEDICALS CO., LTD.	not_dna_library
SRR34061058	SAMN49480625	SRS25438342	NC11-RNA-ZY2876	ZY2876-1-C232R	RNA-Seq	METATRANSCRIPTOMIC	SINGLE	1305759	65287950	50	30.0	human metagenome			VISION MEDICALS CO., LTD.	not_wgs,not_metagenomic,not_dna_library
SRR34061057	SAMN49480626	SRS25438343	NC12-DNA-ZY3121	ZY3121-1-C030D	WGS	METAGENOMIC	SINGLE	684500	34225000	50	15.0	human metagenome			VISION MEDICALS CO., LTD.	not_dna_library
SRR34061056	SAMN49480627	SRS25438344	NC12-RNA-ZY3121	ZY3121-1-C238R	RNA-Seq	METATRANSCRIPTOMIC	SINGLE	2449506	121758290	49	53.0	human metagenome			VISION MEDICALS CO., LTD.	not_wgs,not_metagenomic,not_dna_library
SRR34061055	SAMN49480628	SRS25438345	NC13-DNA-ZY3206	ZY3206-1-C027D	WGS	METAGENOMIC	SINGLE	96617	4830850	50	2.0	human metagenome			VISION MEDICALS CO., LTD.	not_dna_library
SRR34061054	SAMN49480629	SRS25438346	NC13-RNA-ZY3206	ZY3206-1-C156R	RNA-Seq	METATRANSCRIPTOMIC	SINGLE	194060	9381361	48	4.0	human metagenome			VISION MEDICALS CO., LTD.	not_wgs,not_metagenomic,not_dna_library
SRR34061053	SAMN49480630	SRS25438347	NC14-DNA-ZY3854	ZY3854-1-C343D	WGS	METAGENOMIC	SINGLE	118139	5906950	50	3.0	human metagenome			VISION MEDICALS CO., LTD.	not_dna_library
SRR34061052	SAMN49480631	SRS25438348	NC14-RNA-ZY3854	ZY3854-1-C497R	RNA-Seq	METATRANSCRIPTOMIC	SINGLE	370040	18502000	50	8.0	human metagenome			VISION MEDICALS CO., LTD.	not_wgs,not_metagenomic,not_dna_library
SRR34061051	SAMN49480632	SRS25438349	NC15-DNA-ZY4101	ZY4101-1-C405D	WGS	METAGENOMIC	SINGLE	129214	6460700	50	3.0	human metagenome			VISION MEDICALS CO., LTD.	not_dna_library
SRR34061050	SAMN49480633	SRS25438350	NC15-RNA-ZY4101	ZY4101-1-C590R	RNA-Seq	METATRANSCRIPTOMIC	SINGLE	295404	14289816	48	7.0	human metagenome			VISION MEDICALS CO., LTD.	not_wgs,not_metagenomic,not_dna_library
SRR34061048	SAMN49480634	SRS25438352	NC16-DNA-ZY427	ZY427-1-N884D	WGS	METAGENOMIC	SINGLE	141865	7093250	50	3.0	human metagenome			VISION MEDICALS CO., LTD.	not_dna_library
SRR34061047	SAMN49480635	SRS25438353	NC16-RNA-ZY427	ZY427-1-N939R	RNA-Seq	METATRANSCRIPTOMIC	SINGLE	2064383	103219150	50	43.0	human metagenome			VISION MEDICALS CO., LTD.	not_wgs,not_metagenomic,not_dna_library
SRR34061046	SAMN49480636	SRS25438354	NC17-DNA-ZY4412	ZY4412-1-C368D	WGS	METAGENOMIC	SINGLE	118784	5939200	50	3.0	human metagenome			VISION MEDICALS CO., LTD.	not_dna_library
SRR34061045	SAMN49480637	SRS25438355	NC17-RNA-ZY4412	ZY4412-1-C649R	RNA-Seq	METATRANSCRIPTOMIC	SINGLE	515791	24062445	46	11.0	human metagenome			VISION MEDICALS CO., LTD.	not_wgs,not_metagenomic,not_dna_library
SRR34061044	SAMN49480638	SRS25438356	NC18-DNA-ZY4430	ZY4430-1-C013D	WGS	METAGENOMIC	SINGLE	279496	13974800	50	6.0	human metagenome			VISION MEDICALS CO., LTD.	not_dna_library
SRR34061043	SAMN49480639	SRS25438358	NC18-RNA-ZY4430	ZY4430-1-C441R	RNA-Seq	METATRANSCRIPTOMIC	SINGLE	426356	21008413	49	9.0	human metagenome			VISION MEDICALS CO., LTD.	not_wgs,not_metagenomic,not_dna_library
SRR34061042	SAMN49480640	SRS25438357	NC19-DNA-ZY4623	ZY4623-1-C261D	WGS	METAGENOMIC	SINGLE	266430	13321500	50	6.0	human metagenome			VISION MEDICALS CO., LTD.	not_dna_library
SRR34061041	SAMN49480641	SRS25438359	NC19-RNA-ZY4623	ZY4623-1-C640R	RNA-Seq	METATRANSCRIPTOMIC	SINGLE	804239	38923625	48	19.0	human metagenome			VISION MEDICALS CO., LTD.	not_wgs,not_metagenomic,not_dna_library
SRR34061060	SAMN49480606	SRS25438340	NC2-DNA-ZY1027	ZY1027-1-N860D	WGS	METAGENOMIC	SINGLE	303919	15195950	50	7.0	human metagenome			VISION MEDICALS CO., LTD.	not_dna_library
SRR34061049	SAMN49480607	SRS25438351	NC2-RNA-ZY1027	ZY1027-1-N943R	RNA-Seq	METATRANSCRIPTOMIC	SINGLE	653096	31607794	48	15.0	human metagenome			VISION MEDICALS CO., LTD.	not_wgs,not_metagenomic,not_dna_library
SRR34061040	SAMN49480642	SRS25438360	NC20-DNA-ZY4744	ZY4744-1-C001D	WGS	METAGENOMIC	SINGLE	110839	5541950	50	2.0	human metagenome			VISION MEDICALS CO., LTD.	not_dna_library
SRR34061039	SAMN49480643	SRS25438361	NC20-RNA-ZY4744	ZY4744-1-C643R	RNA-Seq	METATRANSCRIPTOMIC	SINGLE	214347	10300984	48	5.0	human metagenome			VISION MEDICALS CO., LTD.	not_wgs,not_metagenomic,not_dna_library
SRR34061037	SAMN49480644	SRS25438363	NC21-DNA-ZY4833	ZY4833-1-C005D	WGS	METAGENOMIC	SINGLE	314211	15710550	50	7.0	human metagenome			VISION MEDICALS CO., LTD.	not_dna_library
SRR34061036	SAMN49480645	SRS25438364	NC21-RNA-ZY4833	ZY4833-1-C596R	RNA-Seq	METATRANSCRIPTOMIC	SINGLE	303090	14419184	47	7.0	human metagenome			VISION MEDICALS CO., LTD.	not_wgs,not_metagenomic,not_dna_library
SRR34061035	SAMN49480646	SRS25438365	NC22-DNA-ZY4871	ZY4871-1-C266D	WGS	METAGENOMIC	SINGLE	282551	14127550	50	7.0	human metagenome			VISION MEDICALS CO., LTD.	not_dna_library
SRR34061034	SAMN49480647	SRS25438366	NC22-RNA-ZY4871	ZY4871-1-C560R	RNA-Seq	METATRANSCRIPTOMIC	SINGLE	1067804	53390200	50	25.0	human metagenome			VISION MEDICALS CO., LTD.	not_wgs,not_metagenomic,not_dna_library
SRR34061033	SAMN49480648	SRS25438367	NC23-DNA-ZY5062	ZY5062-1-C014D	WGS	METAGENOMIC	SINGLE	199035	9951750	50	5.0	human metagenome			VISION MEDICALS CO., LTD.	not_dna_library
SRR34061032	SAMN49480649	SRS25438368	NC23-RNA-ZY5062	ZY5062-1-C650R	RNA-Seq	METATRANSCRIPTOMIC	SINGLE	1316351	64074342	48	31.0	human metagenome			VISION MEDICALS CO., LTD.	not_wgs,not_metagenomic,not_dna_library
SRR34061031	SAMN49480650	SRS25438369	NC24-DNA-ZY5079	ZY5079-1-C137D	WGS	METAGENOMIC	SINGLE	533874	26693700	50	13.0	human metagenome			VISION MEDICALS CO., LTD.	not_dna_library
SRR34061030	SAMN49480651	SRS25438371	NC24-RNA-ZY5079	ZY5079-1-C644R	RNA-Seq	METATRANSCRIPTOMIC	SINGLE	2473872	122638981	49	55.0	human metagenome			VISION MEDICALS CO., LTD.	not_wgs,not_metagenomic,not_dna_library
SRR34061029	SAMN49480652	SRS25438370	NC25-DNA-ZY5275	ZY5275-1-C676D	WGS	METAGENOMIC	SINGLE	218547	10927350	50	5.0	human metagenome			VISION MEDICALS CO., LTD.	not_dna_library
SRR34061028	SAMN49480653	SRS25438372	NC25-RNA-ZY5275	ZY5275-1-C628R	RNA-Seq	METATRANSCRIPTOMIC	SINGLE	551685	26987983	48	13.0	human metagenome			VISION MEDICALS CO., LTD.	not_wgs,not_metagenomic,not_dna_library
SRR34061026	SAMN49480654	SRS25438374	NC26-DNA-ZY5462	ZY5462-1-C315D	WGS	METAGENOMIC	SINGLE	1954806	97740300	50	46.0	human metagenome			VISION MEDICALS CO., LTD.	not_dna_library
SRR34061025	SAMN49480655	SRS25438375	NC26-RNA-ZY5462	ZY5462-1-C439R	RNA-Seq	METATRANSCRIPTOMIC	SINGLE	938724	46592622	49	22.0	human metagenome			VISION MEDICALS CO., LTD.	not_wgs,not_metagenomic,not_dna_library
SRR34061023	SAMN49480656	SRS25438376	NC27-DNA-ZY5484	ZY5484-2-C119D	WGS	METAGENOMIC	SINGLE	992523	49626150	50	23.0	human metagenome			VISION MEDICALS CO., LTD.	not_dna_library
SRR34061024	SAMN49480657	SRS25438377	NC27-RNA-ZY5484	ZY5484-1-C623R	RNA-Seq	METATRANSCRIPTOMIC	SINGLE	722879	36143950	50	17.0	human metagenome			VISION MEDICALS CO., LTD.	not_wgs,not_metagenomic,not_dna_library
SRR34061022	SAMN49480658	SRS25438378	NC28-DNA-ZY5595	ZY5595-1-C002D	WGS	METAGENOMIC	SINGLE	140281	7014050	50	3.0	human metagenome			VISION MEDICALS CO., LTD.	not_dna_library
SRR34061021	SAMN49480659	SRS25438379	NC28-RNA-ZY5595	ZY5595-1-C541R	RNA-Seq	METATRANSCRIPTOMIC	SINGLE	399686	19984300	50	9.0	human metagenome			VISION MEDICALS CO., LTD.	not_wgs,not_metagenomic,not_dna_library
SRR34061020	SAMN49480660	SRS25438380	NC29-DNA-ZY5921	ZY5921-1-C014D	WGS	METAGENOMIC	SINGLE	149214	7460700	50	3.0	human metagenome			VISION MEDICALS CO., LTD.	not_dna_library
SRR34061019	SAMN49480661	SRS25438381	NC29-RNA-ZY5921	ZY5921-1-C553R	RNA-Seq	METATRANSCRIPTOMIC	SINGLE	930243	44107233	47	20.0	human metagenome			VISION MEDICALS CO., LTD.	not_wgs,not_metagenomic,not_dna_library
SRR34061038	SAMN49480608	SRS25438362	NC3-DNA-ZY1521	ZY1521-1-N836D	WGS	METAGENOMIC	SINGLE	232139	11606950	50	5.0	human metagenome			VISION MEDICALS CO., LTD.	not_dna_library
SRR34061027	SAMN49480609	SRS25438373	NC3-RNA-ZY1521	ZY1521-1-N962R	RNA-Seq	METATRANSCRIPTOMIC	SINGLE	2332105	116605250	50	51.0	human metagenome			VISION MEDICALS CO., LTD.	not_wgs,not_metagenomic,not_dna_library
SRR34061018	SAMN49480662	SRS25438382	NC30-DNA-ZY6502	ZY6502-2-C015D	WGS	METAGENOMIC	SINGLE	800031	40001550	50	17.0	human metagenome			VISION MEDICALS CO., LTD.	not_dna_library
SRR34061017	SAMN49480663	SRS25438383	NC30-RNA-ZY6502	ZY6502-1-C634R	RNA-Seq	METATRANSCRIPTOMIC	SINGLE	621416	27730495	44	13.0	human metagenome			VISION MEDICALS CO., LTD.	not_wgs,not_metagenomic,not_dna_library
SRR34061015	SAMN49480664	SRS25438385	NC31-DNA-ZY750	ZY750-1-N846D	WGS	METAGENOMIC	SINGLE	193658	9682900	50	4.0	human metagenome			VISION MEDICALS CO., LTD.	not_dna_library
SRR34061014	SAMN49480665	SRS25438386	NC31-RNA-ZY750	ZY750-1-N972R	RNA-Seq	METATRANSCRIPTOMIC	SINGLE	2276955	113227720	49	48.0	human metagenome			VISION MEDICALS CO., LTD.	not_wgs,not_metagenomic,not_dna_library
SRR34061013	SAMN49480666	SRS25438387	NC32-DNA-ZY5162	ZY5162-1-C002D	WGS	METAGENOMIC	SINGLE	140281	7014050	50	3.0	human metagenome			VISION MEDICALS CO., LTD.	not_dna_library
SRR34061012	SAMN49480667	SRS25438388	NC32-RNA-ZY5162	ZY5162-1-C541R	RNA-Seq	METATRANSCRIPTOMIC	SINGLE	399686	19984300	50	9.0	human metagenome			VISION MEDICALS CO., LTD.	not_wgs,not_metagenomic,not_dna_library
SRR34061016	SAMN49480610	SRS25438384	NC4-DNA-ZY1709	ZY1709-1-N895D	WGS	METAGENOMIC	SINGLE	64009	3200450	50	1.0	human metagenome			VISION MEDICALS CO., LTD.	not_dna_library
SRR34061011	SAMN49480611	SRS25438389	NC4-RNA-ZY1709	ZY1709-1-N959R	RNA-Seq	METATRANSCRIPTOMIC	SINGLE	225643	10911143	48	5.0	human metagenome			VISION MEDICALS CO., LTD.	not_wgs,not_metagenomic,not_dna_library
SRR34061009	SAMN49480613	SRS25438391	NC5-DNA-ZY1764	ZY1764-1-N908D	WGS	METAGENOMIC	SINGLE	260338	13016900	50	5.0	human metagenome			VISION MEDICALS CO., LTD.	not_dna_library
SRR34061010	SAMN49480612	SRS25438390	NC5-RNA-ZY1764	ZY1764-1-N877R	RNA-Seq	METATRANSCRIPTOMIC	SINGLE	657603	32179183	48	14.0	human metagenome			VISION MEDICALS CO., LTD.	not_wgs,not_metagenomic,not_dna_library
SRR34061069	SAMN49480615	SRS25438331	NC6-DNA-ZY1851	ZY1851-1-N899D	WGS	METAGENOMIC	SINGLE	207250	10362500	50	4.0	human metagenome			VISION MEDICALS CO., LTD.	not_dna_library
SRR34061070	SAMN49480614	SRS25438330	NC6-RNA-ZY1851	ZY1851-1-N843R	RNA-Seq	METATRANSCRIPTOMIC	SINGLE	327064	15303488	46	7.0	human metagenome			VISION MEDICALS CO., LTD.	not_wgs,not_metagenomic,not_dna_library
SRR34061067	SAMN49480617	SRS25438333	NC7-DNA-ZY1935	ZY1935-1-N936D	WGS	METAGENOMIC	SINGLE	121831	6091550	50	2.0	human metagenome			VISION MEDICALS CO., LTD.	not_dna_library
SRR34061068	SAMN49480616	SRS25438332	NC7-RNA-ZY1935	ZY1935-1-N883R	RNA-Seq	METATRANSCRIPTOMIC	SINGLE	249228	12327703	49	6.0	human metagenome			VISION MEDICALS CO., LTD.	not_wgs,not_metagenomic,not_dna_library
SRR34061066	SAMN49480618	SRS25438334	NC8-DNA-ZY2131	ZY2131-1-N827D	WGS	METAGENOMIC	SINGLE	112573	5628650	50	2.0	human metagenome			VISION MEDICALS CO., LTD.	not_dna_library
SRR34061065	SAMN49480619	SRS25438335	NC8-RNA-ZY2131	ZY2131-1-N904R	RNA-Seq	METATRANSCRIPTOMIC	SINGLE	541319	26573644	49	11.0	human metagenome			VISION MEDICALS CO., LTD.	not_wgs,not_metagenomic,not_dna_library
SRR34061064	SAMN49480620	SRS25438336	NC9-DNA-ZY2286	ZY2286-1-N880D	WGS	METAGENOMIC	SINGLE	68989	3449450	50	1.0	human metagenome			VISION MEDICALS CO., LTD.	not_dna_library
SRR34061063	SAMN49480621	SRS25438337	NC9-RNA-ZY2286	ZY2286-1-N910R	RNA-Seq	METATRANSCRIPTOMIC	SINGLE	412767	20638350	50	9.0	human metagenome			VISION MEDICALS CO., LTD.	not_wgs,not_metagenomic,not_dna_library
