Run	BioSample	Sample	SampleName	LibraryName	LibraryStrategy	LibrarySource	LibraryLayout	spots	bases	avgLength	size_MB	ScientificName	Disease	Body_Site	CenterName	representative_rule
SRR27343870	SAMN39105922	SRS19982733	20210421MCX013	20210421MCX013 DNA	WGS	METAGENOMIC	SINGLE	577574	28878700	50	13.0	human metagenome			VISION MEDICALS CO., LTD.	largest_size_mb_per_biosample
SRR27343869	SAMN39105923	SRS19982734	20211004MCX022	20211004MCX022 DNA	WGS	METAGENOMIC	SINGLE	137865	6893250	50	3.0	human metagenome			VISION MEDICALS CO., LTD.	largest_size_mb_per_biosample
SRR27343524	SAMN39105924	SRS19982481	20211004MCX024	20211004MCX024 DNA	WGS	METAGENOMIC	SINGLE	767510	38375500	50	15.0	human metagenome			VISION MEDICALS CO., LTD.	largest_size_mb_per_biosample
SRR27343281	SAMN39105925	SRS19982709	20211215MCX012	20211215MCX012 DNA	WGS	METAGENOMIC	SINGLE	302634	15131700	50	7.0	human metagenome			VISION MEDICALS CO., LTD.	largest_size_mb_per_biosample
SRR27344012	SAMN39105926	SRS19982735	20220112MCX014	20220112MCX014 DNA	WGS	METAGENOMIC	SINGLE	336532	16826600	50	7.0	human metagenome			VISION MEDICALS CO., LTD.	largest_size_mb_per_biosample
SRR27343436	SAMN39105927	SRS19982564	20210427MCX009	20210427MCX009 DNA	WGS	METAGENOMIC	SINGLE	348125	17406250	50	8.0	human metagenome			VISION MEDICALS CO., LTD.	largest_size_mb_per_biosample
SRR27343223	SAMN39105928	SRS19982736	20210727MCX015	20210727MCX015 DNA	WGS	METAGENOMIC	SINGLE	343961	17198050	50	8.0	human metagenome			VISION MEDICALS CO., LTD.	largest_size_mb_per_biosample
SRR27343602	SAMN39105929	SRS19982737	20210903MCX010	20210903MCX010 DNA	WGS	METAGENOMIC	SINGLE	337360	16868000	50	7.0	human metagenome			VISION MEDICALS CO., LTD.	largest_size_mb_per_biosample
SRR27343555	SAMN39105930	SRS19982738	20211028MCX025	20211028MCX025 DNA	WGS	METAGENOMIC	SINGLE	1109285	55464250	50	24.0	human metagenome			VISION MEDICALS CO., LTD.	largest_size_mb_per_biosample
SRR27344046	SAMN39105931	SRS19982739	20210821MCX014	20210821MCX014 DNA	WGS	METAGENOMIC	SINGLE	439809	21990450	50	10.0	human metagenome			VISION MEDICALS CO., LTD.	largest_size_mb_per_biosample
SRR27343868	SAMN39105932	SRS19982740	20211204MCX005	20211204MCX005 DNA	WGS	METAGENOMIC	SINGLE	455408	22770400	50	10.0	human metagenome			VISION MEDICALS CO., LTD.	largest_size_mb_per_biosample
SRR27343857	SAMN39105933	SRS19982741	20210609MCX005	20210609MCX005 DNA	WGS	METAGENOMIC	SINGLE	252277	12613850	50	6.0	human metagenome			VISION MEDICALS CO., LTD.	largest_size_mb_per_biosample
SRR27343846	SAMN39105934	SRS19982743	20210703MCX010	20210703MCX010 DNA	WGS	METAGENOMIC	SINGLE	290139	14506950	50	6.0	human metagenome			VISION MEDICALS CO., LTD.	largest_size_mb_per_biosample
SRR27343835	SAMN39105935	SRS19982742	20210705MCX013	20210705MCX013 DNA	WGS	METAGENOMIC	SINGLE	1486054	74302700	50	32.0	human metagenome			VISION MEDICALS CO., LTD.	largest_size_mb_per_biosample
SRR27343824	SAMN39105936	SRS19982744	20210726MCX012	20210726MCX012 DNA	WGS	METAGENOMIC	SINGLE	592248	29612400	50	14.0	human metagenome			VISION MEDICALS CO., LTD.	largest_size_mb_per_biosample
SRR27343813	SAMN39105937	SRS19982745	20210804MCX006	20210804MCX006 DNA	WGS	METAGENOMIC	SINGLE	209168	10458400	50	4.0	human metagenome			VISION MEDICALS CO., LTD.	largest_size_mb_per_biosample
SRR27343802	SAMN39105938	SRS19982747	20210820MCX015	20210820MCX015 DNA	WGS	METAGENOMIC	SINGLE	1302199	65109950	50	30.0	human metagenome			VISION MEDICALS CO., LTD.	largest_size_mb_per_biosample
SRR27343791	SAMN39105939	SRS19982746	20210915MCX009	20210915MCX009 DNA	WGS	METAGENOMIC	SINGLE	298092	14904600	50	6.0	human metagenome			VISION MEDICALS CO., LTD.	largest_size_mb_per_biosample
SRR27343780	SAMN39105940	SRS19982748	20211012MCX016	20211012MCX016 DNA	WGS	METAGENOMIC	SINGLE	112815	5640750	50	2.0	human metagenome			VISION MEDICALS CO., LTD.	largest_size_mb_per_biosample
SRR27343769	SAMN39105941	SRS19982749	20211022MCX013	20211022MCX013 DNA	WGS	METAGENOMIC	SINGLE	234925	11746250	50	5.0	human metagenome			VISION MEDICALS CO., LTD.	largest_size_mb_per_biosample
SRR27343523	SAMN39105942	SRS19982482	20211101MCX015	20211101MCX015 DNA	WGS	METAGENOMIC	SINGLE	516671	25833550	50	11.0	human metagenome			VISION MEDICALS CO., LTD.	largest_size_mb_per_biosample
SRR27343512	SAMN39105943	SRS19982493	20211117MCX015	20211117MCX015 DNA	WGS	METAGENOMIC	SINGLE	342267	17113350	50	8.0	human metagenome			VISION MEDICALS CO., LTD.	largest_size_mb_per_biosample
SRR27343501	SAMN39105944	SRS19982504	20211125MCX009	20211125MCX009 DNA	WGS	METAGENOMIC	SINGLE	255718	12785900	50	6.0	human metagenome			VISION MEDICALS CO., LTD.	largest_size_mb_per_biosample
SRR27343326	SAMN39105945	SRS19982544	20211218MCX005	20211218MCX005 DNA	WGS	METAGENOMIC	SINGLE	271219	13560950	50	6.0	human metagenome			VISION MEDICALS CO., LTD.	largest_size_mb_per_biosample
SRR27343315	SAMN39105946	SRS19982546	20211224MCX012	20211224MCX012 DNA	WGS	METAGENOMIC	SINGLE	215819	10790950	50	5.0	human metagenome			VISION MEDICALS CO., LTD.	largest_size_mb_per_biosample
SRR27343304	SAMN39105947	SRS19982547	20211229MCX017	20211229MCX017 DNA	WGS	METAGENOMIC	SINGLE	410283	20514150	50	10.0	human metagenome			VISION MEDICALS CO., LTD.	largest_size_mb_per_biosample
SRR27343755	SAMN39105948	SRS19982548	20211230MCX012	20211230MCX012 DNA	WGS	METAGENOMIC	SINGLE	367461	18373050	50	8.0	human metagenome			VISION MEDICALS CO., LTD.	largest_size_mb_per_biosample
SRR27343744	SAMN39105949	SRS19982549	20220111MCX017	20220111MCX017 DNA	WGS	METAGENOMIC	SINGLE	410543	20527150	50	9.0	human metagenome			VISION MEDICALS CO., LTD.	largest_size_mb_per_biosample
SRR27343733	SAMN39105950	SRS19982550	20220112MCX018	20220112MCX018 DNA	WGS	METAGENOMIC	SINGLE	446993	22349650	50	10.0	human metagenome			VISION MEDICALS CO., LTD.	largest_size_mb_per_biosample
SRR27343292	SAMN39105951	SRS19982551	220610MCX00019	220610MCX00019 DNA	WGS	METAGENOMIC	SINGLE	151278	7563900	50	3.0	human metagenome			VISION MEDICALS CO., LTD.	largest_size_mb_per_biosample
SRR27343280	SAMN39105952	SRS19982552	220406MCX00012	220406MCX00012 DNA	WGS	METAGENOMIC	SINGLE	775049	38752450	50	19.0	human metagenome			VISION MEDICALS CO., LTD.	largest_size_mb_per_biosample
SRR27343269	SAMN39105953	SRS19982553	20210227MCX003	20210227MCX003 DNA	WGS	METAGENOMIC	SINGLE	658519	32925950	50	14.0	human metagenome			VISION MEDICALS CO., LTD.	largest_size_mb_per_biosample
SRR27343490	SAMN39105954	SRS19982514	20210313MCX003	20210313MCX003 DNA	WGS	METAGENOMIC	SINGLE	4985677	249283850	50	97.0	human metagenome			VISION MEDICALS CO., LTD.	largest_size_mb_per_biosample
SRR27343479	SAMN39105955	SRS19982525	20210318MCX014	20210318MCX014 DNA	WGS	METAGENOMIC	SINGLE	682328	34116400	50	14.0	human metagenome			VISION MEDICALS CO., LTD.	largest_size_mb_per_biosample
SRR27343468	SAMN39105956	SRS19982536	20210622MCX005	20210622MCX005 DNA	WGS	METAGENOMIC	SINGLE	373043	18652150	50	9.0	human metagenome			VISION MEDICALS CO., LTD.	largest_size_mb_per_biosample
SRR27343727	SAMN39105957	SRS19982555	20210813MCX011	20210813MCX011 DNA	WGS	METAGENOMIC	SINGLE	141040	7052000	50	3.0	human metagenome			VISION MEDICALS CO., LTD.	largest_size_mb_per_biosample
SRR27343716	SAMN39105958	SRS19982556	20210906MCX013	20210906MCX013 DNA	WGS	METAGENOMIC	SINGLE	304786	15239300	50	7.0	human metagenome			VISION MEDICALS CO., LTD.	largest_size_mb_per_biosample
SRR27343705	SAMN39105959	SRS19982558	20210507MCX013	20210507MCX013 DNA	WGS	METAGENOMIC	SINGLE	404729	20236450	50	9.0	human metagenome			VISION MEDICALS CO., LTD.	largest_size_mb_per_biosample
SRR27344034	SAMN39105960	SRS19982557	20220319MCX015	20220319MCX015 DNA	WGS	METAGENOMIC	SINGLE	386423	19321150	50	9.0	human metagenome			VISION MEDICALS CO., LTD.	largest_size_mb_per_biosample
SRR27344023	SAMN39105961	SRS19982559	220623MCX00022	220623MCX00022 DNA	WGS	METAGENOMIC	SINGLE	466754	23337700	50	9.0	human metagenome			VISION MEDICALS CO., LTD.	largest_size_mb_per_biosample
SRR27344011	SAMN39105962	SRS19982560	20210429MCX006	20210429MCX006 DNA	WGS	METAGENOMIC	SINGLE	782198	39109900	50	17.0	human metagenome			VISION MEDICALS CO., LTD.	largest_size_mb_per_biosample
SRR27344000	SAMN39105963	SRS19982561	20210429MCX007	20210429MCX007 DNA	WGS	METAGENOMIC	SINGLE	2351136	117556800	50	51.0	human metagenome			VISION MEDICALS CO., LTD.	largest_size_mb_per_biosample
SRR27343686	SAMN39105964	SRS19982562	20210517MCX008	20210517MCX008 DNA	WGS	METAGENOMIC	SINGLE	355452	17772600	50	8.0	human metagenome			VISION MEDICALS CO., LTD.	largest_size_mb_per_biosample
SRR27343675	SAMN39105965	SRS19982563	20210607MCX008	20210607MCX008 DNA	WGS	METAGENOMIC	SINGLE	1497526	74876300	50	32.0	human metagenome			VISION MEDICALS CO., LTD.	largest_size_mb_per_biosample
SRR27343664	SAMN39105966	SRS19982566	20210618MCX006	20210618MCX006 DNA	WGS	METAGENOMIC	SINGLE	343023	17151150	50	7.0	human metagenome			VISION MEDICALS CO., LTD.	largest_size_mb_per_biosample
SRR27343261	SAMN39105967	SRS19982567	20210728MCX008	20210728MCX008 DNA	WGS	METAGENOMIC	SINGLE	337062	16853100	50	8.0	human metagenome			VISION MEDICALS CO., LTD.	largest_size_mb_per_biosample
SRR27343250	SAMN39105968	SRS19982568	20210805MCX008	20210805MCX008 DNA	WGS	METAGENOMIC	SINGLE	1125601	56280050	50	23.0	human metagenome			VISION MEDICALS CO., LTD.	largest_size_mb_per_biosample
SRR27343239	SAMN39105969	SRS19982569	20210806MCX011	20210806MCX011 DNA	WGS	METAGENOMIC	SINGLE	313120	15656000	50	6.0	human metagenome			VISION MEDICALS CO., LTD.	largest_size_mb_per_biosample
SRR27343458	SAMN39105970	SRS19982545	20210811MCX009	20210811MCX009 DNA	WGS	METAGENOMIC	SINGLE	432380	21619000	50	9.0	human metagenome			VISION MEDICALS CO., LTD.	largest_size_mb_per_biosample
SRR27343447	SAMN39105971	SRS19982554	20210817MCX018	20210817MCX018 DNA	WGS	METAGENOMIC	SINGLE	1022233	51111650	50	23.0	human metagenome			VISION MEDICALS CO., LTD.	largest_size_mb_per_biosample
SRR27343435	SAMN39105972	SRS19982565	20210821MCX012	20210821MCX012 DNA	WGS	METAGENOMIC	SINGLE	249041	12452050	50	5.0	human metagenome			VISION MEDICALS CO., LTD.	largest_size_mb_per_biosample
SRR27343993	SAMN39105973	SRS19982919	20210825MCX010	20210825MCX010 DNA	WGS	METAGENOMIC	SINGLE	664745	33237250	50	14.0	human metagenome			VISION MEDICALS CO., LTD.	largest_size_mb_per_biosample
SRR27343982	SAMN39105974	SRS19982920	20211019MCX022	20211019MCX022 DNA	WGS	METAGENOMIC	SINGLE	481647	24082350	50	10.0	human metagenome			VISION MEDICALS CO., LTD.	largest_size_mb_per_biosample
SRR27343971	SAMN39105975	SRS19982921	20211022MCX007	20211022MCX007 DNA	WGS	METAGENOMIC	SINGLE	848713	42435650	50	17.0	human metagenome			VISION MEDICALS CO., LTD.	largest_size_mb_per_biosample
SRR27343423	SAMN39105976	SRS19982576	20211026MCX022	20211026MCX022 DNA	WGS	METAGENOMIC	SINGLE	211573	10578650	50	4.0	human metagenome			VISION MEDICALS CO., LTD.	largest_size_mb_per_biosample
SRR27343412	SAMN39105977	SRS19982587	20211216MCX009	20211216MCX009 DNA	WGS	METAGENOMIC	SINGLE	278107	13905350	50	6.0	human metagenome			VISION MEDICALS CO., LTD.	largest_size_mb_per_biosample
SRR27343401	SAMN39105978	SRS19982598	20211223MCX008	20211223MCX008 DNA	WGS	METAGENOMIC	SINGLE	478718	23935900	50	11.0	human metagenome			VISION MEDICALS CO., LTD.	largest_size_mb_per_biosample
SRR27343959	SAMN39105979	SRS19982922	20220119MCX020	20220119MCX020 DNA	WGS	METAGENOMIC	SINGLE	182461	9123050	50	4.0	human metagenome			VISION MEDICALS CO., LTD.	largest_size_mb_per_biosample
SRR27343948	SAMN39105980	SRS19982923	20220210MCX018	20220210MCX018 DNA	WGS	METAGENOMIC	SINGLE	455691	22784550	50	11.0	human metagenome			VISION MEDICALS CO., LTD.	largest_size_mb_per_biosample
SRR27343937	SAMN39105981	SRS19982924	20210723MCX013	20210723MCX013 DNA	WGS	METAGENOMIC	SINGLE	142230	7111500	50	3.0	human metagenome			VISION MEDICALS CO., LTD.	largest_size_mb_per_biosample
SRR27343222	SAMN39105982	SRS19982758	20220319MCX007	20220319MCX007 DNA	WGS	METAGENOMIC	SINGLE	629326	31466300	50	15.0	human metagenome			VISION MEDICALS CO., LTD.	largest_size_mb_per_biosample
SRR27343211	SAMN39105983	SRS19982770	20210316MCX006	20210316MCX006 DNA	WGS	METAGENOMIC	SINGLE	7735191	386759550	50	151.0	human metagenome			VISION MEDICALS CO., LTD.	largest_size_mb_per_biosample
SRR27343200	SAMN39105984	SRS19982781	20211215MCX006	20211215MCX006 DNA	WGS	METAGENOMIC	SINGLE	352268	17613400	50	8.0	human metagenome			VISION MEDICALS CO., LTD.	largest_size_mb_per_biosample
SRR27343647	SAMN39105985	SRS19982904	20210610MCX001	20210610MCX001 DNA	WGS	METAGENOMIC	SINGLE	1186135	59306750	50	27.0	human metagenome			VISION MEDICALS CO., LTD.	largest_size_mb_per_biosample
SRR27343636	SAMN39105986	SRS19982905	20210420MCX006	20210420MCX006 DNA	WGS	METAGENOMIC	SINGLE	338499	16924950	50	8.0	human metagenome			VISION MEDICALS CO., LTD.	largest_size_mb_per_biosample
SRR27343934	SAMN39105987	SRS19982925	20210603MCX015	20210603MCX015 DNA	WGS	METAGENOMIC	SINGLE	356531	17826550	50	8.0	human metagenome			VISION MEDICALS CO., LTD.	largest_size_mb_per_biosample
SRR27343923	SAMN39105988	SRS19982926	20210929MCX011	20210929MCX011 DNA	WGS	METAGENOMIC	SINGLE	147240	7362000	50	3.0	human metagenome			VISION MEDICALS CO., LTD.	largest_size_mb_per_biosample
SRR27343912	SAMN39105989	SRS19982927	20220122MCX010	20220122MCX010 DNA	WGS	METAGENOMIC	SINGLE	395661	19783050	50	9.0	human metagenome			VISION MEDICALS CO., LTD.	largest_size_mb_per_biosample
SRR27343624	SAMN39105990	SRS19982906	20211117MCX016	20211117MCX016 DNA	WGS	METAGENOMIC	SINGLE	482426	24121300	50	11.0	human metagenome			VISION MEDICALS CO., LTD.	largest_size_mb_per_biosample
SRR27343613	SAMN39105991	SRS19982907	20210904MCX014	20210904MCX014 DNA	WGS	METAGENOMIC	SINGLE	1310552	65527600	50	28.0	human metagenome			VISION MEDICALS CO., LTD.	largest_size_mb_per_biosample
SRR27343601	SAMN39105992	SRS19982908	20220301MCX019	20220301MCX019 DNA	WGS	METAGENOMIC	SINGLE	357014	17850700	50	9.0	human metagenome			VISION MEDICALS CO., LTD.	largest_size_mb_per_biosample
SRR27343394	SAMN39105993	SRS19982605	20211012MCX008	20211012MCX008 DNA	WGS	METAGENOMIC	SINGLE	404855	20242750	50	8.0	human metagenome			VISION MEDICALS CO., LTD.	largest_size_mb_per_biosample
SRR27343383	SAMN39105994	SRS19982616	20210625MCX009	20210625MCX009 DNA	WGS	METAGENOMIC	SINGLE	343180	17159000	50	8.0	human metagenome			VISION MEDICALS CO., LTD.	largest_size_mb_per_biosample
SRR27343372	SAMN39105995	SRS19982629	20210629MCX008	20210629MCX008 DNA	WGS	METAGENOMIC	SINGLE	4698089	234904450	50	97.0	human metagenome			VISION MEDICALS CO., LTD.	largest_size_mb_per_biosample
SRR27343898	SAMN39105996	SRS19982928	20211223MCX009	20211223MCX009 DNA	WGS	METAGENOMIC	SINGLE	292445	14622250	50	6.0	human metagenome			VISION MEDICALS CO., LTD.	largest_size_mb_per_biosample
SRR27343887	SAMN39105997	SRS19982929	20210604MCX008	20210604MCX008 DNA	WGS	METAGENOMIC	SINGLE	465919	23295950	50	10.0	human metagenome			VISION MEDICALS CO., LTD.	largest_size_mb_per_biosample
SRR27343876	SAMN39105998	SRS19982930	20220224MCX007	20220224MCX007 DNA	WGS	METAGENOMIC	SINGLE	2037986	101899300	50	46.0	human metagenome			VISION MEDICALS CO., LTD.	largest_size_mb_per_biosample
SRR27343588	SAMN39105999	SRS19982909	20210907MCX021	20210907MCX021 DNA	WGS	METAGENOMIC	SINGLE	178480	8924000	50	4.0	human metagenome			VISION MEDICALS CO., LTD.	largest_size_mb_per_biosample
SRR27343577	SAMN39106000	SRS19982570	20210807MCX013	20210807MCX013 DNA	WGS	METAGENOMIC	SINGLE	444648	22232400	50	9.0	human metagenome			VISION MEDICALS CO., LTD.	largest_size_mb_per_biosample
SRR27343566	SAMN39106001	SRS19982571	20210626MCX008	20210626MCX008 DNA	WGS	METAGENOMIC	SINGLE	1844926	92246300	50	39.0	human metagenome			VISION MEDICALS CO., LTD.	largest_size_mb_per_biosample
SRR27343554	SAMN39106002	SRS19982572	20210720MCX011	20210720MCX011 DNA	WGS	METAGENOMIC	SINGLE	364516	18225800	50	8.0	human metagenome			VISION MEDICALS CO., LTD.	largest_size_mb_per_biosample
SRR27343543	SAMN39106003	SRS19982573	20210820MCX013	20210820MCX013 DNA	WGS	METAGENOMIC	SINGLE	547605	27380250	50	13.0	human metagenome			VISION MEDICALS CO., LTD.	largest_size_mb_per_biosample
SRR27343532	SAMN39106004	SRS19982574	20210419MCX007	20210419MCX007 DNA	WGS	METAGENOMIC	SINGLE	1081041	54052050	50	24.0	human metagenome			VISION MEDICALS CO., LTD.	largest_size_mb_per_biosample
SRR27343357	SAMN39106005	SRS19982575	20211106MCX005	20211106MCX005 DNA	WGS	METAGENOMIC	SINGLE	167679	8383950	50	3.0	human metagenome			VISION MEDICALS CO., LTD.	largest_size_mb_per_biosample
SRR27343346	SAMN39106006	SRS19982577	20210707MCX008	20210707MCX008 DNA	WGS	METAGENOMIC	SINGLE	2545835	127291750	50	54.0	human metagenome			VISION MEDICALS CO., LTD.	largest_size_mb_per_biosample
SRR27343335	SAMN39106007	SRS19982578	20210427MCX011	20210427MCX011 DNA	WGS	METAGENOMIC	SINGLE	630209	31510450	50	14.0	human metagenome			VISION MEDICALS CO., LTD.	largest_size_mb_per_biosample
SRR27343192	SAMN39106008	SRS19982579	20211103MCX004	20211103MCX004 DNA	WGS	METAGENOMIC	SINGLE	534646	26732300	50	12.0	human metagenome			VISION MEDICALS CO., LTD.	largest_size_mb_per_biosample
SRR27343191	SAMN39106009	SRS19982580	20210612MCX010	20210612MCX010 DNA	WGS	METAGENOMIC	SINGLE	548527	27426350	50	12.0	human metagenome			VISION MEDICALS CO., LTD.	largest_size_mb_per_biosample
SRR27344048	SAMN39106010	SRS19982581	20210716MCX016	20210716MCX016 DNA	WGS	METAGENOMIC	SINGLE	197379	9868950	50	4.0	human metagenome			VISION MEDICALS CO., LTD.	largest_size_mb_per_biosample
SRR27344047	SAMN39106011	SRS19982582	20210729MCX010	20210729MCX010 DNA	WGS	METAGENOMIC	SINGLE	565208	28260400	50	12.0	human metagenome			VISION MEDICALS CO., LTD.	largest_size_mb_per_biosample
SRR27344045	SAMN39106012	SRS19982583	20210820MCX014	20210820MCX014 DNA	WGS	METAGENOMIC	SINGLE	370064	18503200	50	8.0	human metagenome			VISION MEDICALS CO., LTD.	largest_size_mb_per_biosample
SRR27344044	SAMN39106013	SRS19982584	20210916MCX006	20210916MCX006 DNA	WGS	METAGENOMIC	SINGLE	310865	15543250	50	7.0	human metagenome			VISION MEDICALS CO., LTD.	largest_size_mb_per_biosample
SRR27344043	SAMN39106014	SRS19982585	20210924MCX012	20210924MCX012 DNA	WGS	METAGENOMIC	SINGLE	153364	7668200	50	3.0	human metagenome			VISION MEDICALS CO., LTD.	largest_size_mb_per_biosample
SRR27344042	SAMN39106015	SRS19982586	20211015MCX011	20211015MCX011 DNA	WGS	METAGENOMIC	SINGLE	237130	11856500	50	5.0	human metagenome			VISION MEDICALS CO., LTD.	largest_size_mb_per_biosample
SRR27344041	SAMN39106016	SRS19982588	20211021MCX010	20211021MCX010 DNA	WGS	METAGENOMIC	SINGLE	335357	16767850	50	8.0	human metagenome			VISION MEDICALS CO., LTD.	largest_size_mb_per_biosample
SRR27344040	SAMN39106017	SRS19982589	20211028MCX021	20211028MCX021 DNA	WGS	METAGENOMIC	SINGLE	268773	13438650	50	6.0	human metagenome			VISION MEDICALS CO., LTD.	largest_size_mb_per_biosample
SRR27344039	SAMN39106018	SRS19982590	20211116MCX012	20211116MCX012 DNA	WGS	METAGENOMIC	SINGLE	114054	5702700	50	2.0	human metagenome			VISION MEDICALS CO., LTD.	largest_size_mb_per_biosample
SRR27344038	SAMN39106019	SRS19982591	20211120MCX006	20211120MCX006 DNA	WGS	METAGENOMIC	SINGLE	172064	8603200	50	4.0	human metagenome			VISION MEDICALS CO., LTD.	largest_size_mb_per_biosample
SRR27344037	SAMN39106020	SRS19982592	20211124MCX016	20211124MCX016 DNA	WGS	METAGENOMIC	SINGLE	238495	11924750	50	5.0	human metagenome			VISION MEDICALS CO., LTD.	largest_size_mb_per_biosample
SRR27344035	SAMN39106021	SRS19982593	20220105MCX008	20220105MCX008 DNA	WGS	METAGENOMIC	SINGLE	335884	16794200	50	8.0	human metagenome			VISION MEDICALS CO., LTD.	largest_size_mb_per_biosample
SRR27343867	SAMN39106022	SRS19982594	20220127MCX014	20220127MCX014 DNA	WGS	METAGENOMIC	SINGLE	450392	22519600	50	10.0	human metagenome			VISION MEDICALS CO., LTD.	largest_size_mb_per_biosample
SRR27343866	SAMN39106023	SRS19982595	20220127MCX022	20220127MCX022 DNA	WGS	METAGENOMIC	SINGLE	342334	17116700	50	7.0	human metagenome			VISION MEDICALS CO., LTD.	largest_size_mb_per_biosample
SRR27343865	SAMN39106024	SRS19982596	20220308MCX015	20220308MCX015 DNA	WGS	METAGENOMIC	SINGLE	425260	21263000	50	10.0	human metagenome			VISION MEDICALS CO., LTD.	largest_size_mb_per_biosample
SRR27343864	SAMN39106025	SRS19982597	20220311MCX014	20220311MCX014 DNA	WGS	METAGENOMIC	SINGLE	282106	14105300	50	7.0	human metagenome			VISION MEDICALS CO., LTD.	largest_size_mb_per_biosample
SRR27343863	SAMN39106026	SRS19982599	20220318MCX013	20220318MCX013 DNA	WGS	METAGENOMIC	SINGLE	1826249	91312450	50	43.0	human metagenome			VISION MEDICALS CO., LTD.	largest_size_mb_per_biosample
SRR27343862	SAMN39106027	SRS19982600	20220322MCX015	20220322MCX015 DNA	WGS	METAGENOMIC	SINGLE	431201	21560050	50	10.0	human metagenome			VISION MEDICALS CO., LTD.	largest_size_mb_per_biosample
SRR27343861	SAMN39106028	SRS19982601	20210707MCX007	20210707MCX007 DNA	WGS	METAGENOMIC	SINGLE	414322	20716100	50	9.0	human metagenome			VISION MEDICALS CO., LTD.	largest_size_mb_per_biosample
SRR27343860	SAMN39106029	SRS19982788	20210827MCX011	20210827MCX011 DNA	WGS	METAGENOMIC	SINGLE	244117	12205850	50	5.0	human metagenome			VISION MEDICALS CO., LTD.	largest_size_mb_per_biosample
SRR27343859	SAMN39106030	SRS19982789	20210807MCX009	20210807MCX009 DNA	WGS	METAGENOMIC	SINGLE	152864	7643200	50	3.0	human metagenome			VISION MEDICALS CO., LTD.	largest_size_mb_per_biosample
SRR27343858	SAMN39106031	SRS19982790	20210402MCX009	20210402MCX009 DNA	WGS	METAGENOMIC	SINGLE	26209894	1310494700	50	533.0	human metagenome			VISION MEDICALS CO., LTD.	largest_size_mb_per_biosample
SRR27343856	SAMN39106032	SRS19982791	20211123MCX010	20211123MCX010 DNA	WGS	METAGENOMIC	SINGLE	233273	11663650	50	5.0	human metagenome			VISION MEDICALS CO., LTD.	largest_size_mb_per_biosample
SRR27343855	SAMN39106033	SRS19982792	20220305MCX010	20220305MCX010 DNA	WGS	METAGENOMIC	SINGLE	446414	22320700	50	11.0	human metagenome			VISION MEDICALS CO., LTD.	largest_size_mb_per_biosample
SRR27343854	SAMN39106034	SRS19982793	20210811MCX014	20210811MCX014 DNA	WGS	METAGENOMIC	SINGLE	433661	21683050	50	10.0	human metagenome			VISION MEDICALS CO., LTD.	largest_size_mb_per_biosample
SRR27343853	SAMN39106035	SRS19982794	20210412MCX007	20210412MCX007 DNA	WGS	METAGENOMIC	SINGLE	904111	45205550	50	18.0	human metagenome			VISION MEDICALS CO., LTD.	largest_size_mb_per_biosample
SRR27343852	SAMN39106036	SRS19982795	20210603MCX009	20210603MCX009 DNA	WGS	METAGENOMIC	SINGLE	272603	13630150	50	6.0	human metagenome			VISION MEDICALS CO., LTD.	largest_size_mb_per_biosample
SRR27343851	SAMN39106037	SRS19982796	20220212MCX010	20220212MCX010 DNA	WGS	METAGENOMIC	SINGLE	209350	10467500	50	5.0	human metagenome			VISION MEDICALS CO., LTD.	largest_size_mb_per_biosample
SRR27343850	SAMN39106038	SRS19982797	20210909MCX011	20210909MCX011 DNA	WGS	METAGENOMIC	SINGLE	431207	21560350	50	10.0	human metagenome			VISION MEDICALS CO., LTD.	largest_size_mb_per_biosample
SRR27343849	SAMN39106039	SRS19982798	20211117MCX012	20211117MCX012 DNA	WGS	METAGENOMIC	SINGLE	2896368	144818400	50	64.0	human metagenome			VISION MEDICALS CO., LTD.	largest_size_mb_per_biosample
SRR27343848	SAMN39106040	SRS19982799	20220304MCX013	20220304MCX013 DNA	WGS	METAGENOMIC	SINGLE	551203	27560150	50	13.0	human metagenome			VISION MEDICALS CO., LTD.	largest_size_mb_per_biosample
SRR27343847	SAMN39106041	SRS19982800	20210312MCX003	20210312MCX003 DNA	WGS	METAGENOMIC	SINGLE	491316	24565800	50	10.0	human metagenome			VISION MEDICALS CO., LTD.	largest_size_mb_per_biosample
SRR27343845	SAMN39106042	SRS19982801	20210710MCX007	20210710MCX007 DNA	WGS	METAGENOMIC	SINGLE	2096539	104826950	50	43.0	human metagenome			VISION MEDICALS CO., LTD.	largest_size_mb_per_biosample
SRR27343844	SAMN39106043	SRS19982802	20210514MCX011	20210514MCX011 DNA	WGS	METAGENOMIC	SINGLE	455815	22790750	50	10.0	human metagenome			VISION MEDICALS CO., LTD.	largest_size_mb_per_biosample
SRR27343843	SAMN39106044	SRS19982803	20210601MCX009	20210601MCX009 DNA	WGS	METAGENOMIC	SINGLE	245639	12281950	50	5.0	human metagenome			VISION MEDICALS CO., LTD.	largest_size_mb_per_biosample
SRR27343842	SAMN39106045	SRS19982804	20210601MCX013	20210601MCX013 DNA	WGS	METAGENOMIC	SINGLE	514622	25731100	50	11.0	human metagenome			VISION MEDICALS CO., LTD.	largest_size_mb_per_biosample
SRR27343841	SAMN39106046	SRS19982805	20210716MCX019	20210716MCX019 DNA	WGS	METAGENOMIC	SINGLE	240580	12029000	50	5.0	human metagenome			VISION MEDICALS CO., LTD.	largest_size_mb_per_biosample
SRR27343840	SAMN39106047	SRS19982806	20210719MCX005	20210719MCX005 DNA	WGS	METAGENOMIC	SINGLE	558447	27922350	50	13.0	human metagenome			VISION MEDICALS CO., LTD.	largest_size_mb_per_biosample
SRR27343839	SAMN39106048	SRS19982807	20210810MCX012	20210810MCX012 DNA	WGS	METAGENOMIC	SINGLE	469700	23485000	50	10.0	human metagenome			VISION MEDICALS CO., LTD.	largest_size_mb_per_biosample
SRR27343838	SAMN39106049	SRS19982808	20210904MCX008	20210904MCX008 DNA	WGS	METAGENOMIC	SINGLE	1051565	52578250	50	23.0	human metagenome			VISION MEDICALS CO., LTD.	largest_size_mb_per_biosample
SRR27343837	SAMN39106050	SRS19982809	20210907MCX019	20210907MCX019 DNA	WGS	METAGENOMIC	SINGLE	229614	11480700	50	5.0	human metagenome			VISION MEDICALS CO., LTD.	largest_size_mb_per_biosample
SRR27343836	SAMN39106051	SRS19982810	20211119MCX007	20211119MCX007 DNA	WGS	METAGENOMIC	SINGLE	252059	12602950	50	6.0	human metagenome			VISION MEDICALS CO., LTD.	largest_size_mb_per_biosample
SRR27343834	SAMN39106052	SRS19982811	20211130MCX014	20211130MCX014 DNA	WGS	METAGENOMIC	SINGLE	644432	32221600	50	14.0	human metagenome			VISION MEDICALS CO., LTD.	largest_size_mb_per_biosample
SRR27343833	SAMN39106053	SRS19982812	20211217MCX014	20211217MCX014 DNA	WGS	METAGENOMIC	SINGLE	729991	36499550	50	17.0	human metagenome			VISION MEDICALS CO., LTD.	largest_size_mb_per_biosample
SRR27343832	SAMN39106054	SRS19982813	20211217MCX015	20211217MCX015 DNA	WGS	METAGENOMIC	SINGLE	404103	20205150	50	9.0	human metagenome			VISION MEDICALS CO., LTD.	largest_size_mb_per_biosample
SRR27343831	SAMN39106055	SRS19982814	20220112MCX017	20220112MCX017 DNA	WGS	METAGENOMIC	SINGLE	329571	16478550	50	7.0	human metagenome			VISION MEDICALS CO., LTD.	largest_size_mb_per_biosample
SRR27343830	SAMN39106056	SRS19982815	20220215MCX018	20220215MCX018 DNA	WGS	METAGENOMIC	SINGLE	248289	12414450	50	5.0	human metagenome			VISION MEDICALS CO., LTD.	largest_size_mb_per_biosample
SRR27343829	SAMN39106057	SRS19982816	20220215MCX021	20220215MCX021 DNA	WGS	METAGENOMIC	SINGLE	445850	22292500	50	10.0	human metagenome			VISION MEDICALS CO., LTD.	largest_size_mb_per_biosample
SRR27343828	SAMN39106058	SRS19982750	20220226MCX022	20220226MCX022 DNA	WGS	METAGENOMIC	SINGLE	251220	12561000	50	5.0	human metagenome			VISION MEDICALS CO., LTD.	largest_size_mb_per_biosample
SRR27343827	SAMN39106059	SRS19982752	20210401MCX008	20210401MCX008 DNA	WGS	METAGENOMIC	SINGLE	337415	16870750	50	7.0	human metagenome			VISION MEDICALS CO., LTD.	largest_size_mb_per_biosample
SRR27343826	SAMN39106060	SRS19982751	20210617MCX008	20210617MCX008 DNA	WGS	METAGENOMIC	SINGLE	466893	23344650	50	9.0	human metagenome			VISION MEDICALS CO., LTD.	largest_size_mb_per_biosample
SRR27343825	SAMN39106061	SRS19982756	20210619MCX013	20210619MCX013 DNA	WGS	METAGENOMIC	SINGLE	314755	15737750	50	7.0	human metagenome			VISION MEDICALS CO., LTD.	largest_size_mb_per_biosample
SRR27343823	SAMN39106062	SRS19982753	20210707MCX011	20210707MCX011 DNA	WGS	METAGENOMIC	SINGLE	505081	25254050	50	11.0	human metagenome			VISION MEDICALS CO., LTD.	largest_size_mb_per_biosample
SRR27343822	SAMN39106063	SRS19982755	20210915MCX007	20210915MCX007 DNA	WGS	METAGENOMIC	SINGLE	371090	18554500	50	8.0	human metagenome			VISION MEDICALS CO., LTD.	largest_size_mb_per_biosample
SRR27343821	SAMN39106064	SRS19982754	20210330MCX006	20210330MCX006 DNA	WGS	METAGENOMIC	SINGLE	230227	11511350	50	5.0	human metagenome			VISION MEDICALS CO., LTD.	largest_size_mb_per_biosample
SRR27343820	SAMN39106065	SRS19982757	20210612MCX012	20210612MCX012 DNA	WGS	METAGENOMIC	SINGLE	584452	29222600	50	13.0	human metagenome			VISION MEDICALS CO., LTD.	largest_size_mb_per_biosample
SRR27343819	SAMN39106066	SRS19982761	20210923MCX014	20210923MCX014 DNA	WGS	METAGENOMIC	SINGLE	159401	7970050	50	3.0	human metagenome			VISION MEDICALS CO., LTD.	largest_size_mb_per_biosample
SRR27343818	SAMN39106067	SRS19982759	20220114MCX015	20220114MCX015 DNA	WGS	METAGENOMIC	SINGLE	233924	11696200	50	5.0	human metagenome			VISION MEDICALS CO., LTD.	largest_size_mb_per_biosample
SRR27343817	SAMN39106068	SRS19982760	20220118MCX016	20220118MCX016 DNA	WGS	METAGENOMIC	SINGLE	487015	24350750	50	11.0	human metagenome			VISION MEDICALS CO., LTD.	largest_size_mb_per_biosample
SRR27343816	SAMN39106069	SRS19982762	20220125MCX016	20220125MCX016 DNA	WGS	METAGENOMIC	SINGLE	305640	15282000	50	7.0	human metagenome			VISION MEDICALS CO., LTD.	largest_size_mb_per_biosample
SRR27343815	SAMN39106070	SRS19982763	20220308MCX017	20220308MCX017 DNA	WGS	METAGENOMIC	SINGLE	547274	27363700	50	13.0	human metagenome			VISION MEDICALS CO., LTD.	largest_size_mb_per_biosample
SRR27343814	SAMN39106071	SRS19982764	20210901MCX015	20210901MCX015 DNA	WGS	METAGENOMIC	SINGLE	402674	20133700	50	9.0	human metagenome			VISION MEDICALS CO., LTD.	largest_size_mb_per_biosample
SRR27343812	SAMN39106072	SRS19982765	20210902MCX005	20210902MCX005 DNA	WGS	METAGENOMIC	SINGLE	224537	11226850	50	4.0	human metagenome			VISION MEDICALS CO., LTD.	largest_size_mb_per_biosample
SRR27343811	SAMN39106073	SRS19982766	20210924MCX011	20210924MCX011 DNA	WGS	METAGENOMIC	SINGLE	150061	7503050	50	3.0	human metagenome			VISION MEDICALS CO., LTD.	largest_size_mb_per_biosample
SRR27343809	SAMN39106075	SRS19982767	20210625MCX010	20210625MCX010 DNA	WGS	METAGENOMIC	SINGLE	5685371	284268550	50	119.0	human metagenome			VISION MEDICALS CO., LTD.	largest_size_mb_per_biosample
SRR27343808	SAMN39106076	SRS19982769	20210420MCX005	20210420MCX005 DNA	WGS	METAGENOMIC	SINGLE	644633	32231650	50	15.0	human metagenome			VISION MEDICALS CO., LTD.	largest_size_mb_per_biosample
SRR27343807	SAMN39106077	SRS19982771	20211221MCX010	20211221MCX010 DNA	WGS	METAGENOMIC	SINGLE	378411	18920550	50	9.0	human metagenome			VISION MEDICALS CO., LTD.	largest_size_mb_per_biosample
SRR27343806	SAMN39106078	SRS19982772	20210413MCX011	20210413MCX011 DNA	WGS	METAGENOMIC	SINGLE	492998	24649900	50	11.0	human metagenome			VISION MEDICALS CO., LTD.	largest_size_mb_per_biosample
SRR27343805	SAMN39106079	SRS19982774	20210428MCX012	20210428MCX012 DNA	WGS	METAGENOMIC	SINGLE	684749	34237450	50	15.0	human metagenome			VISION MEDICALS CO., LTD.	largest_size_mb_per_biosample
SRR27343804	SAMN39106080	SRS19982773	20210604MCX018	20210604MCX018 DNA	WGS	METAGENOMIC	SINGLE	405355	20267750	50	9.0	human metagenome			VISION MEDICALS CO., LTD.	largest_size_mb_per_biosample
SRR27343803	SAMN39106081	SRS19982776	20220115MCX010	20220115MCX010 DNA	WGS	METAGENOMIC	SINGLE	163377	8168850	50	4.0	human metagenome			VISION MEDICALS CO., LTD.	largest_size_mb_per_biosample
SRR27343801	SAMN39106082	SRS19982775	20210410MCX005	20210410MCX005 DNA	WGS	METAGENOMIC	SINGLE	3083530	154176500	50	62.0	human metagenome			VISION MEDICALS CO., LTD.	largest_size_mb_per_biosample
SRR27343800	SAMN39106083	SRS19982777	20210706MCX012	20210706MCX012 DNA	WGS	METAGENOMIC	SINGLE	365532	18276600	50	8.0	human metagenome			VISION MEDICALS CO., LTD.	largest_size_mb_per_biosample
SRR27343799	SAMN39106084	SRS19982779	20210810MCX013	20210810MCX013 DNA	WGS	METAGENOMIC	SINGLE	583283	29164150	50	12.0	human metagenome			VISION MEDICALS CO., LTD.	largest_size_mb_per_biosample
SRR27343798	SAMN39106085	SRS19982778	20220104MCX011	20220104MCX011 DNA	WGS	METAGENOMIC	SINGLE	240738	12036900	50	5.0	human metagenome			VISION MEDICALS CO., LTD.	largest_size_mb_per_biosample
SRR27343797	SAMN39106086	SRS19982817	20210731MCX011	20210731MCX011 DNA	WGS	METAGENOMIC	SINGLE	245207	12260350	50	5.0	human metagenome			VISION MEDICALS CO., LTD.	largest_size_mb_per_biosample
SRR27343796	SAMN39106087	SRS19982818	20211112MCX014	20211112MCX014 DNA	WGS	METAGENOMIC	SINGLE	254264	12713200	50	6.0	human metagenome			VISION MEDICALS CO., LTD.	largest_size_mb_per_biosample
SRR27343795	SAMN39106088	SRS19982819	20211208MCX015	20211208MCX015 DNA	WGS	METAGENOMIC	SINGLE	242640	12132000	50	5.0	human metagenome			VISION MEDICALS CO., LTD.	largest_size_mb_per_biosample
SRR27343794	SAMN39106089	SRS19982820	20210409MCX016	20210409MCX016 DNA	WGS	METAGENOMIC	SINGLE	304798	15239900	50	7.0	human metagenome			VISION MEDICALS CO., LTD.	largest_size_mb_per_biosample
SRR27343793	SAMN39106090	SRS19982821	20210419MCX006	20210419MCX006 DNA	WGS	METAGENOMIC	SINGLE	794982	39749100	50	18.0	human metagenome			VISION MEDICALS CO., LTD.	largest_size_mb_per_biosample
SRR27343792	SAMN39106091	SRS19982822	20211115MCX003	20211115MCX003 DNA	WGS	METAGENOMIC	SINGLE	1527294	76364700	50	34.0	human metagenome			VISION MEDICALS CO., LTD.	largest_size_mb_per_biosample
SRR27343790	SAMN39106092	SRS19982823	20220218MCX014	20220218MCX014 DNA	WGS	METAGENOMIC	SINGLE	465427	23271350	50	10.0	human metagenome			VISION MEDICALS CO., LTD.	largest_size_mb_per_biosample
SRR27343789	SAMN39106093	SRS19982824	20210713MCX012	20210713MCX012 DNA	WGS	METAGENOMIC	SINGLE	281348	14067400	50	6.0	human metagenome			VISION MEDICALS CO., LTD.	largest_size_mb_per_biosample
SRR27343788	SAMN39106094	SRS19982825	230401MCX00022	230401MCX00022 DNA	WGS	METAGENOMIC	SINGLE	189882	9494100	50	4.0	human metagenome			VISION MEDICALS CO., LTD.	largest_size_mb_per_biosample
SRR27343787	SAMN39106095	SRS19982826	230406MCX00012	230406MCX00012 DNA	WGS	METAGENOMIC	SINGLE	393131	19656550	50	8.0	human metagenome			VISION MEDICALS CO., LTD.	largest_size_mb_per_biosample
SRR27343786	SAMN39106096	SRS19982827	230414MCX00014	230414MCX00014 DNA	WGS	METAGENOMIC	SINGLE	164091	8204550	50	3.0	human metagenome			VISION MEDICALS CO., LTD.	largest_size_mb_per_biosample
SRR27343785	SAMN39106097	SRS19982828	230419MCX00028	230419MCX00028 DNA	WGS	METAGENOMIC	SINGLE	209197	10459850	50	4.0	human metagenome			VISION MEDICALS CO., LTD.	largest_size_mb_per_biosample
SRR27343784	SAMN39106098	SRS19982829	230421MCX00020	230421MCX00020 DNA	WGS	METAGENOMIC	SINGLE	196814	9840700	50	4.0	human metagenome			VISION MEDICALS CO., LTD.	largest_size_mb_per_biosample
SRR27343783	SAMN39106099	SRS19982830	230421MCX00028	230421MCX00028 DNA	WGS	METAGENOMIC	SINGLE	209994	10499700	50	4.0	human metagenome			VISION MEDICALS CO., LTD.	largest_size_mb_per_biosample
SRR27343782	SAMN39106100	SRS19982831	230516MCX00019	230516MCX00019 DNA	WGS	METAGENOMIC	SINGLE	346595	17329750	50	7.0	human metagenome			VISION MEDICALS CO., LTD.	largest_size_mb_per_biosample
SRR27343781	SAMN39106101	SRS19982832	230516MCX00036	230516MCX00036 DNA	WGS	METAGENOMIC	SINGLE	265740	13287000	50	5.0	human metagenome			VISION MEDICALS CO., LTD.	largest_size_mb_per_biosample
SRR27343779	SAMN39106102	SRS19982833	230523MCX00019	230523MCX00019 DNA	WGS	METAGENOMIC	SINGLE	394663	19733150	50	8.0	human metagenome			VISION MEDICALS CO., LTD.	largest_size_mb_per_biosample
SRR27343778	SAMN39106103	SRS19982834	230524MCX00017	230524MCX00017 DNA	WGS	METAGENOMIC	SINGLE	896251	44812550	50	19.0	human metagenome			VISION MEDICALS CO., LTD.	largest_size_mb_per_biosample
SRR27343777	SAMN39106104	SRS19982835	230524MCX00019	230524MCX00019 DNA	WGS	METAGENOMIC	SINGLE	470924	23546200	50	10.0	human metagenome			VISION MEDICALS CO., LTD.	largest_size_mb_per_biosample
SRR27343776	SAMN39106105	SRS19982836	230527MCX00019	230527MCX00019 DNA	WGS	METAGENOMIC	SINGLE	681768	34088400	50	14.0	human metagenome			VISION MEDICALS CO., LTD.	largest_size_mb_per_biosample
SRR27343775	SAMN39106106	SRS19982837	230603MCX00017	230603MCX00017 DNA	WGS	METAGENOMIC	SINGLE	187384	9369200	50	4.0	human metagenome			VISION MEDICALS CO., LTD.	largest_size_mb_per_biosample
SRR27343774	SAMN39106107	SRS19982838	230609MCX00025	230609MCX00025 DNA	WGS	METAGENOMIC	SINGLE	236709	11835450	50	5.0	human metagenome			VISION MEDICALS CO., LTD.	largest_size_mb_per_biosample
SRR27343773	SAMN39106108	SRS19982839	230610MCX00012	230610MCX00012 DNA	WGS	METAGENOMIC	SINGLE	177936	8896800	50	3.0	human metagenome			VISION MEDICALS CO., LTD.	largest_size_mb_per_biosample
SRR27343772	SAMN39106109	SRS19982840	230610MCX00018	230610MCX00018 DNA	WGS	METAGENOMIC	SINGLE	180410	9020500	50	4.0	human metagenome			VISION MEDICALS CO., LTD.	largest_size_mb_per_biosample
SRR27343771	SAMN39106110	SRS19982841	230613MCX00010	230613MCX00010 DNA	WGS	METAGENOMIC	SINGLE	341358	17067900	50	7.0	human metagenome			VISION MEDICALS CO., LTD.	largest_size_mb_per_biosample
SRR27343770	SAMN39106111	SRS19982842	230614MCX00013	230614MCX00013 DNA	WGS	METAGENOMIC	SINGLE	190829	9541450	50	4.0	human metagenome			VISION MEDICALS CO., LTD.	largest_size_mb_per_biosample
SRR27343768	SAMN39106112	SRS19982843	230616MCX00017	230616MCX00017 DNA	WGS	METAGENOMIC	SINGLE	249241	12462050	50	5.0	human metagenome			VISION MEDICALS CO., LTD.	largest_size_mb_per_biosample
SRR27343767	SAMN39106113	SRS19982844	230620MCX00025	230620MCX00025 DNA	WGS	METAGENOMIC	SINGLE	157678	7883900	50	3.0	human metagenome			VISION MEDICALS CO., LTD.	largest_size_mb_per_biosample
SRR27343766	SAMN39106114	SRS19982845	230621MCX00018	230621MCX00018 DNA	WGS	METAGENOMIC	SINGLE	328285	16414250	50	7.0	human metagenome			VISION MEDICALS CO., LTD.	largest_size_mb_per_biosample
SRR27343765	SAMN39106115	SRS19982846	20210923MCX016	20210923MCX016 DNA	WGS	METAGENOMIC	SINGLE	664058	33202900	50	14.0	human metagenome			VISION MEDICALS CO., LTD.	largest_size_mb_per_biosample
SRR27343764	SAMN39106116	SRS19982847	20220127MCX026	20220127MCX026 DNA	WGS	METAGENOMIC	SINGLE	235355	11767750	50	5.0	human metagenome			VISION MEDICALS CO., LTD.	largest_size_mb_per_biosample
SRR27343529	SAMN39106117	SRS19982476	20211008MCX018	20211008MCX018 DNA	WGS	METAGENOMIC	SINGLE	195103	9755150	50	4.0	human metagenome			VISION MEDICALS CO., LTD.	largest_size_mb_per_biosample
SRR27343528	SAMN39106118	SRS19982477	20210525MCX011	20210525MCX011 DNA	WGS	METAGENOMIC	SINGLE	153344	7667200	50	3.0	human metagenome			VISION MEDICALS CO., LTD.	largest_size_mb_per_biosample
SRR27343527	SAMN39106119	SRS19982478	20210531MCX004	20210531MCX004 DNA	WGS	METAGENOMIC	SINGLE	278789	13939450	50	6.0	human metagenome			VISION MEDICALS CO., LTD.	largest_size_mb_per_biosample
SRR27343526	SAMN39106120	SRS19982479	20210517MCX007	20210517MCX007 DNA	WGS	METAGENOMIC	SINGLE	254654	12732700	50	6.0	human metagenome			VISION MEDICALS CO., LTD.	largest_size_mb_per_biosample
SRR27343525	SAMN39106121	SRS19982480	20220106MCX009	20220106MCX009 DNA	WGS	METAGENOMIC	SINGLE	527790	26389500	50	12.0	human metagenome			VISION MEDICALS CO., LTD.	largest_size_mb_per_biosample
SRR27343522	SAMN39106122	SRS19982483	20210831MCX008	20210831MCX008 DNA	WGS	METAGENOMIC	SINGLE	276255	13812750	50	6.0	human metagenome			VISION MEDICALS CO., LTD.	largest_size_mb_per_biosample
SRR27343521	SAMN39106123	SRS19982484	20210309MCX010	20210309MCX010 DNA	WGS	METAGENOMIC	SINGLE	266429	13321450	50	5.0	human metagenome			VISION MEDICALS CO., LTD.	largest_size_mb_per_biosample
SRR27343520	SAMN39106124	SRS19982485	20210323MCX004	20210323MCX004 DNA	WGS	METAGENOMIC	SINGLE	299746	14987300	50	6.0	human metagenome			VISION MEDICALS CO., LTD.	largest_size_mb_per_biosample
SRR27343519	SAMN39106125	SRS19982486	20210410MCX006	20210410MCX006 DNA	WGS	METAGENOMIC	SINGLE	374362	18718100	50	8.0	human metagenome			VISION MEDICALS CO., LTD.	largest_size_mb_per_biosample
SRR27343518	SAMN39106126	SRS19982487	20210515MCX006	20210515MCX006 DNA	WGS	METAGENOMIC	SINGLE	631832	31591600	50	14.0	human metagenome			VISION MEDICALS CO., LTD.	largest_size_mb_per_biosample
SRR27343517	SAMN39106127	SRS19982488	20210604MCX007	20210604MCX007 DNA	WGS	METAGENOMIC	SINGLE	578288	28914400	50	12.0	human metagenome			VISION MEDICALS CO., LTD.	largest_size_mb_per_biosample
SRR27343516	SAMN39106128	SRS19982489	20210622MCX006	20210622MCX006 DNA	WGS	METAGENOMIC	SINGLE	432452	21622600	50	9.0	human metagenome			VISION MEDICALS CO., LTD.	largest_size_mb_per_biosample
SRR27343515	SAMN39106129	SRS19982490	20210626MCX006	20210626MCX006 DNA	WGS	METAGENOMIC	SINGLE	627552	31377600	50	14.0	human metagenome			VISION MEDICALS CO., LTD.	largest_size_mb_per_biosample
SRR27343514	SAMN39106130	SRS19982491	20210629MCX010	20210629MCX010 DNA	WGS	METAGENOMIC	SINGLE	338310	16915500	50	7.0	human metagenome			VISION MEDICALS CO., LTD.	largest_size_mb_per_biosample
SRR27343513	SAMN39106131	SRS19982492	20210828MCX008	20210828MCX008 DNA	WGS	METAGENOMIC	SINGLE	240209	12010450	50	5.0	human metagenome			VISION MEDICALS CO., LTD.	largest_size_mb_per_biosample
SRR27343511	SAMN39106132	SRS19982494	20210902MCX009	20210902MCX009 DNA	WGS	METAGENOMIC	SINGLE	217951	10897550	50	4.0	human metagenome			VISION MEDICALS CO., LTD.	largest_size_mb_per_biosample
SRR27343510	SAMN39106133	SRS19982495	20211103MCX005	20211103MCX005 DNA	WGS	METAGENOMIC	SINGLE	770800	38540000	50	17.0	human metagenome			VISION MEDICALS CO., LTD.	largest_size_mb_per_biosample
SRR27343509	SAMN39106134	SRS19982496	20211120MCX005	20211120MCX005 DNA	WGS	METAGENOMIC	SINGLE	283879	14193950	50	6.0	human metagenome			VISION MEDICALS CO., LTD.	largest_size_mb_per_biosample
SRR27343508	SAMN39106135	SRS19982497	20211123MCX011	20211123MCX011 DNA	WGS	METAGENOMIC	SINGLE	585487	29274350	50	13.0	human metagenome			VISION MEDICALS CO., LTD.	largest_size_mb_per_biosample
SRR27343507	SAMN39106136	SRS19982498	20211209MCX017	20211209MCX017 DNA	WGS	METAGENOMIC	SINGLE	178503	8925150	50	4.0	human metagenome			VISION MEDICALS CO., LTD.	largest_size_mb_per_biosample
SRR27343506	SAMN39106137	SRS19982499	20211224MCX018	20211224MCX018 DNA	WGS	METAGENOMIC	SINGLE	220366	11018300	50	5.0	human metagenome			VISION MEDICALS CO., LTD.	largest_size_mb_per_biosample
SRR27343505	SAMN39106138	SRS19982500	20211022MCX016	20211022MCX016 DNA	WGS	METAGENOMIC	SINGLE	245839	12291950	50	5.0	human metagenome			VISION MEDICALS CO., LTD.	largest_size_mb_per_biosample
SRR27343504	SAMN39106139	SRS19982501	20211127MCX011	20211127MCX011 DNA	WGS	METAGENOMIC	SINGLE	1273360	63668000	50	29.0	human metagenome			VISION MEDICALS CO., LTD.	largest_size_mb_per_biosample
SRR27343503	SAMN39106140	SRS19982502	20210517MCX004	20210517MCX004 DNA	WGS	METAGENOMIC	SINGLE	360364	18018200	50	8.0	human metagenome			VISION MEDICALS CO., LTD.	largest_size_mb_per_biosample
SRR27343502	SAMN39106141	SRS19982503	20210629MCX009	20210629MCX009 DNA	WGS	METAGENOMIC	SINGLE	301772	15088600	50	6.0	human metagenome			VISION MEDICALS CO., LTD.	largest_size_mb_per_biosample
SRR27343500	SAMN39106142	SRS19982505	20210719MCX006	20210719MCX006 DNA	WGS	METAGENOMIC	SINGLE	650099	32504950	50	14.0	human metagenome			VISION MEDICALS CO., LTD.	largest_size_mb_per_biosample
SRR27343499	SAMN39106143	SRS19982506	20210811MCX011	20210811MCX011 DNA	WGS	METAGENOMIC	SINGLE	626665	31333250	50	14.0	human metagenome			VISION MEDICALS CO., LTD.	largest_size_mb_per_biosample
SRR27343497	SAMN39106144	SRS19982507	20210825MCX012	20210825MCX012 DNA	WGS	METAGENOMIC	SINGLE	543543	27177150	50	11.0	human metagenome			VISION MEDICALS CO., LTD.	largest_size_mb_per_biosample
SRR27343333	SAMN39106145	SRS19982663	20210914MCX012	20210914MCX012 DNA	WGS	METAGENOMIC	SINGLE	282600	14130000	50	6.0	human metagenome			VISION MEDICALS CO., LTD.	largest_size_mb_per_biosample
SRR27343332	SAMN39106146	SRS19982664	20210916MCX005	20210916MCX005 DNA	WGS	METAGENOMIC	SINGLE	665944	33297200	50	14.0	human metagenome			VISION MEDICALS CO., LTD.	largest_size_mb_per_biosample
SRR27343331	SAMN39106147	SRS19982665	20210916MCX007	20210916MCX007 DNA	WGS	METAGENOMIC	SINGLE	346336	17316800	50	7.0	human metagenome			VISION MEDICALS CO., LTD.	largest_size_mb_per_biosample
SRR27343330	SAMN39106148	SRS19982667	20210922MCX010	20210922MCX010 DNA	WGS	METAGENOMIC	SINGLE	325981	16299050	50	7.0	human metagenome			VISION MEDICALS CO., LTD.	largest_size_mb_per_biosample
SRR27343329	SAMN39106149	SRS19982666	20210923MCX015	20210923MCX015 DNA	WGS	METAGENOMIC	SINGLE	220896	11044800	50	5.0	human metagenome			VISION MEDICALS CO., LTD.	largest_size_mb_per_biosample
SRR27343328	SAMN39106150	SRS19982668	20210923MCX021	20210923MCX021 DNA	WGS	METAGENOMIC	SINGLE	119816	5990800	50	2.0	human metagenome			VISION MEDICALS CO., LTD.	largest_size_mb_per_biosample
SRR27343327	SAMN39106151	SRS19982669	20211103MCX002	20211103MCX002 DNA	WGS	METAGENOMIC	SINGLE	976702	48835100	50	22.0	human metagenome			VISION MEDICALS CO., LTD.	largest_size_mb_per_biosample
SRR27343325	SAMN39106152	SRS19982672	20211104MCX009	20211104MCX009 DNA	WGS	METAGENOMIC	SINGLE	1039824	51991200	50	22.0	human metagenome			VISION MEDICALS CO., LTD.	largest_size_mb_per_biosample
SRR27343324	SAMN39106153	SRS19982670	20211118MCX015	20211118MCX015 DNA	WGS	METAGENOMIC	SINGLE	644156	32207800	50	15.0	human metagenome			VISION MEDICALS CO., LTD.	largest_size_mb_per_biosample
SRR27343323	SAMN39106154	SRS19982671	20211119MCX011	20211119MCX011 DNA	WGS	METAGENOMIC	SINGLE	2160399	108019950	50	48.0	human metagenome			VISION MEDICALS CO., LTD.	largest_size_mb_per_biosample
SRR27343322	SAMN39106155	SRS19982673	20211207MCX007	20211207MCX007 DNA	WGS	METAGENOMIC	SINGLE	289964	14498200	50	7.0	human metagenome			VISION MEDICALS CO., LTD.	largest_size_mb_per_biosample
SRR27343321	SAMN39106156	SRS19982674	20211216MCX010	20211216MCX010 DNA	WGS	METAGENOMIC	SINGLE	297448	14872400	50	7.0	human metagenome			VISION MEDICALS CO., LTD.	largest_size_mb_per_biosample
SRR27343320	SAMN39106157	SRS19982675	20220310MCX026	20220310MCX026 DNA	WGS	METAGENOMIC	SINGLE	142422	7121100	50	3.0	human metagenome			VISION MEDICALS CO., LTD.	largest_size_mb_per_biosample
SRR27343319	SAMN39106158	SRS19982676	220625MCX00023	220625MCX00023 DNA	WGS	METAGENOMIC	SINGLE	290914	14545700	50	6.0	human metagenome			VISION MEDICALS CO., LTD.	largest_size_mb_per_biosample
SRR27343318	SAMN39106159	SRS19982677	20210924MCX010	20210924MCX010 DNA	WGS	METAGENOMIC	SINGLE	191023	9551150	50	4.0	human metagenome			VISION MEDICALS CO., LTD.	largest_size_mb_per_biosample
SRR27343317	SAMN39106160	SRS19982678	20220105MCX010	20220105MCX010 DNA	WGS	METAGENOMIC	SINGLE	291210	14560500	50	7.0	human metagenome			VISION MEDICALS CO., LTD.	largest_size_mb_per_biosample
SRR27343316	SAMN39106161	SRS19982679	20220225MCX010	20220225MCX010 DNA	WGS	METAGENOMIC	SINGLE	277228	13861400	50	6.0	human metagenome			VISION MEDICALS CO., LTD.	largest_size_mb_per_biosample
SRR27343314	SAMN39106162	SRS19982680	20210428MCX011	20210428MCX011 DNA	WGS	METAGENOMIC	SINGLE	1238772	61938600	50	26.0	human metagenome			VISION MEDICALS CO., LTD.	largest_size_mb_per_biosample
SRR27343313	SAMN39106163	SRS19982681	20210507MCX009	20210507MCX009 DNA	WGS	METAGENOMIC	SINGLE	405489	20274450	50	9.0	human metagenome			VISION MEDICALS CO., LTD.	largest_size_mb_per_biosample
SRR27343312	SAMN39106164	SRS19982682	20210924MCX017	20210924MCX017 DNA	WGS	METAGENOMIC	SINGLE	230243	11512150	50	5.0	human metagenome			VISION MEDICALS CO., LTD.	largest_size_mb_per_biosample
SRR27343311	SAMN39106165	SRS19982683	20210910MCX014	20210910MCX014 DNA	WGS	METAGENOMIC	SINGLE	550937	27546850	50	12.0	human metagenome			VISION MEDICALS CO., LTD.	largest_size_mb_per_biosample
SRR27343310	SAMN39106166	SRS19982684	20210714MCX007	20210714MCX007 DNA	WGS	METAGENOMIC	SINGLE	1855904	92795200	50	39.0	human metagenome			VISION MEDICALS CO., LTD.	largest_size_mb_per_biosample
SRR27343309	SAMN39106167	SRS19982685	20211104MCX017	20211104MCX017 DNA	WGS	METAGENOMIC	SINGLE	207371	10368550	50	4.0	human metagenome			VISION MEDICALS CO., LTD.	largest_size_mb_per_biosample
SRR27343308	SAMN39106168	SRS19982686	20211222MCX010	20211222MCX010 DNA	WGS	METAGENOMIC	SINGLE	223230	11161500	50	5.0	human metagenome			VISION MEDICALS CO., LTD.	largest_size_mb_per_biosample
SRR27343307	SAMN39106169	SRS19982687	20220226MCX020	20220226MCX020 DNA	WGS	METAGENOMIC	SINGLE	419897	20994850	50	10.0	human metagenome			VISION MEDICALS CO., LTD.	largest_size_mb_per_biosample
SRR27343306	SAMN39106170	SRS19982688	20210713MCX010	20210713MCX010 DNA	WGS	METAGENOMIC	SINGLE	311515	15575750	50	7.0	human metagenome			VISION MEDICALS CO., LTD.	largest_size_mb_per_biosample
SRR27343305	SAMN39106171	SRS19982689	20211126MCX009	20211126MCX009 DNA	WGS	METAGENOMIC	SINGLE	271029	13551450	50	6.0	human metagenome			VISION MEDICALS CO., LTD.	largest_size_mb_per_biosample
SRR27343303	SAMN39106172	SRS19982690	20210422MCX007	20210422MCX007 DNA	WGS	METAGENOMIC	SINGLE	273713	13685650	50	6.0	human metagenome			VISION MEDICALS CO., LTD.	largest_size_mb_per_biosample
SRR27343301	SAMN39106173	SRS19982602	20210630MCX014	20210630MCX014 DNA	WGS	METAGENOMIC	SINGLE	590604	29530200	50	13.0	human metagenome			VISION MEDICALS CO., LTD.	largest_size_mb_per_biosample
SRR27343763	SAMN39106174	SRS19982603	20210723MCX017	20210723MCX017 DNA	WGS	METAGENOMIC	SINGLE	172909	8645450	50	4.0	human metagenome			VISION MEDICALS CO., LTD.	largest_size_mb_per_biosample
SRR27343762	SAMN39106175	SRS19982604	20211022MCX010	20211022MCX010 DNA	WGS	METAGENOMIC	SINGLE	152787	7639350	50	3.0	human metagenome			VISION MEDICALS CO., LTD.	largest_size_mb_per_biosample
SRR27343761	SAMN39106176	SRS19982606	20210430MCX011	20210430MCX011 DNA	WGS	METAGENOMIC	SINGLE	623562	31178100	50	14.0	human metagenome			VISION MEDICALS CO., LTD.	largest_size_mb_per_biosample
SRR27343760	SAMN39106177	SRS19982607	20210414MCX013	20210414MCX013 DNA	WGS	METAGENOMIC	SINGLE	392265	19613250	50	8.0	human metagenome			VISION MEDICALS CO., LTD.	largest_size_mb_per_biosample
SRR27343759	SAMN39106178	SRS19982608	20210526MCX015	20210526MCX015 DNA	WGS	METAGENOMIC	SINGLE	198837	9941850	50	4.0	human metagenome			VISION MEDICALS CO., LTD.	largest_size_mb_per_biosample
SRR27343758	SAMN39106179	SRS19982609	20210813MCX009	20210813MCX009 DNA	WGS	METAGENOMIC	SINGLE	276400	13820000	50	6.0	human metagenome			VISION MEDICALS CO., LTD.	largest_size_mb_per_biosample
SRR27343757	SAMN39106180	SRS19982610	20211112MCX010	20211112MCX010 DNA	WGS	METAGENOMIC	SINGLE	11397662	569883100	50	206.0	human metagenome			VISION MEDICALS CO., LTD.	largest_size_mb_per_biosample
SRR27343756	SAMN39106181	SRS19982611	20211124MCX019	20211124MCX019 DNA	WGS	METAGENOMIC	SINGLE	234216	11710800	50	5.0	human metagenome			VISION MEDICALS CO., LTD.	largest_size_mb_per_biosample
SRR27343754	SAMN39106182	SRS19982612	20211130MCX010	20211130MCX010 DNA	WGS	METAGENOMIC	SINGLE	342996	17149800	50	8.0	human metagenome			VISION MEDICALS CO., LTD.	largest_size_mb_per_biosample
SRR27343753	SAMN39106183	SRS19982613	20211204MCX004	20211204MCX004 DNA	WGS	METAGENOMIC	SINGLE	5544891	277244550	50	122.0	human metagenome			VISION MEDICALS CO., LTD.	largest_size_mb_per_biosample
SRR27343752	SAMN39106184	SRS19982614	20220104MCX015	20220104MCX015 DNA	WGS	METAGENOMIC	SINGLE	1144178	57208900	50	25.0	human metagenome			VISION MEDICALS CO., LTD.	largest_size_mb_per_biosample
SRR27343751	SAMN39106185	SRS19982615	20211203MCX011	20211203MCX011 DNA	WGS	METAGENOMIC	SINGLE	301416	15070800	50	7.0	human metagenome			VISION MEDICALS CO., LTD.	largest_size_mb_per_biosample
SRR27343750	SAMN39106186	SRS19982617	20211022MCX006	20211022MCX006 DNA	WGS	METAGENOMIC	SINGLE	185605	9280250	50	4.0	human metagenome			VISION MEDICALS CO., LTD.	largest_size_mb_per_biosample
SRR27343749	SAMN39106187	SRS19982618	230504MCX00021	230504MCX00021 DNA	WGS	METAGENOMIC	SINGLE	267510	13375500	50	5.0	human metagenome			VISION MEDICALS CO., LTD.	largest_size_mb_per_biosample
SRR27343748	SAMN39106188	SRS19982619	230505MCX00035	230505MCX00035 DNA	WGS	METAGENOMIC	SINGLE	222450	11122500	50	4.0	human metagenome			VISION MEDICALS CO., LTD.	largest_size_mb_per_biosample
SRR27343747	SAMN39106189	SRS19982620	230509MCX00022	230509MCX00022 DNA	WGS	METAGENOMIC	SINGLE	233163	11658150	50	5.0	human metagenome			VISION MEDICALS CO., LTD.	largest_size_mb_per_biosample
SRR27343746	SAMN39106190	SRS19982621	230510MCX00019	230510MCX00019 DNA	WGS	METAGENOMIC	SINGLE	214070	10703500	50	4.0	human metagenome			VISION MEDICALS CO., LTD.	largest_size_mb_per_biosample
SRR27343745	SAMN39106191	SRS19982622	230510MCX00020	230510MCX00020 DNA	WGS	METAGENOMIC	SINGLE	298264	14913200	50	6.0	human metagenome			VISION MEDICALS CO., LTD.	largest_size_mb_per_biosample
SRR27343743	SAMN39106192	SRS19982623	230512MCX00018	230512MCX00018 DNA	WGS	METAGENOMIC	SINGLE	271190	13559500	50	6.0	human metagenome			VISION MEDICALS CO., LTD.	largest_size_mb_per_biosample
SRR27343742	SAMN39106193	SRS19982624	230517MCX00018	230517MCX00018 DNA	WGS	METAGENOMIC	SINGLE	263953	13187237	49	6.0	human metagenome			VISION MEDICALS CO., LTD.	largest_size_mb_per_biosample
SRR27343741	SAMN39106194	SRS19982626	230517MCX00023	230517MCX00023 DNA	WGS	METAGENOMIC	SINGLE	175621	8772253	49	4.0	human metagenome			VISION MEDICALS CO., LTD.	largest_size_mb_per_biosample
SRR27343740	SAMN39106195	SRS19982625	230518MCX00014	230518MCX00014 DNA	WGS	METAGENOMIC	SINGLE	352085	17604250	50	8.0	human metagenome			VISION MEDICALS CO., LTD.	largest_size_mb_per_biosample
SRR27343739	SAMN39106196	SRS19982628	230526MCX00012	230526MCX00012 DNA	WGS	METAGENOMIC	SINGLE	435878	21793900	50	9.0	human metagenome			VISION MEDICALS CO., LTD.	largest_size_mb_per_biosample
SRR27343738	SAMN39106197	SRS19982627	230530MCX00020	230530MCX00020 DNA	WGS	METAGENOMIC	SINGLE	656518	32825900	50	13.0	human metagenome			VISION MEDICALS CO., LTD.	largest_size_mb_per_biosample
SRR27343737	SAMN39106198	SRS19982630	230603MCX00015	230603MCX00015 DNA	WGS	METAGENOMIC	SINGLE	345829	17291450	50	7.0	human metagenome			VISION MEDICALS CO., LTD.	largest_size_mb_per_biosample
SRR27343736	SAMN39106199	SRS19982631	230606MCX00022	230606MCX00022 DNA	WGS	METAGENOMIC	SINGLE	316749	15837450	50	6.0	human metagenome			VISION MEDICALS CO., LTD.	largest_size_mb_per_biosample
SRR27343735	SAMN39106200	SRS19982632	230606MCX00030	230606MCX00030 DNA	WGS	METAGENOMIC	SINGLE	266085	13304250	50	6.0	human metagenome			VISION MEDICALS CO., LTD.	largest_size_mb_per_biosample
SRR27343734	SAMN39106201	SRS19982633	20210309MCX007	20210309MCX007 DNA	WGS	METAGENOMIC	SINGLE	508725	25436250	50	11.0	human metagenome			VISION MEDICALS CO., LTD.	largest_size_mb_per_biosample
SRR27343732	SAMN39106202	SRS19982848	20210323MCX007	20210323MCX007 DNA	WGS	METAGENOMIC	SINGLE	379525	18976250	50	8.0	human metagenome			VISION MEDICALS CO., LTD.	largest_size_mb_per_biosample
SRR27343302	SAMN39106203	SRS19982849	20210330MCX002	20210330MCX002 DNA	WGS	METAGENOMIC	SINGLE	380231	19011550	50	8.0	human metagenome			VISION MEDICALS CO., LTD.	largest_size_mb_per_biosample
SRR27343300	SAMN39106204	SRS19982691	20210415MCX002	20210415MCX002 DNA	WGS	METAGENOMIC	SINGLE	234650	11732500	50	5.0	human metagenome			VISION MEDICALS CO., LTD.	largest_size_mb_per_biosample
SRR27343299	SAMN39106205	SRS19982692	20210429MCX009	20210429MCX009 DNA	WGS	METAGENOMIC	SINGLE	591366	29568300	50	12.0	human metagenome			VISION MEDICALS CO., LTD.	largest_size_mb_per_biosample
SRR27343298	SAMN39106206	SRS19982693	20210430MCX009	20210430MCX009 DNA	WGS	METAGENOMIC	SINGLE	524548	26227400	50	12.0	human metagenome			VISION MEDICALS CO., LTD.	largest_size_mb_per_biosample
SRR27343297	SAMN39106207	SRS19982694	20210524MCX007	20210524MCX007 DNA	WGS	METAGENOMIC	SINGLE	932259	46612950	50	20.0	human metagenome			VISION MEDICALS CO., LTD.	largest_size_mb_per_biosample
SRR27343296	SAMN39106208	SRS19982695	20210602MCX013	20210602MCX013 DNA	WGS	METAGENOMIC	SINGLE	368961	18448050	50	8.0	human metagenome			VISION MEDICALS CO., LTD.	largest_size_mb_per_biosample
SRR27343295	SAMN39106209	SRS19982696	20210603MCX006	20210603MCX006 DNA	WGS	METAGENOMIC	SINGLE	190032	9501600	50	4.0	human metagenome			VISION MEDICALS CO., LTD.	largest_size_mb_per_biosample
SRR27343294	SAMN39106210	SRS19982697	20210603MCX008	20210603MCX008 DNA	WGS	METAGENOMIC	SINGLE	2109397	105469850	50	45.0	human metagenome			VISION MEDICALS CO., LTD.	largest_size_mb_per_biosample
SRR27343293	SAMN39106211	SRS19982698	20210604MCX011	20210604MCX011 DNA	WGS	METAGENOMIC	SINGLE	768675	38433750	50	16.0	human metagenome			VISION MEDICALS CO., LTD.	largest_size_mb_per_biosample
SRR27343291	SAMN39106212	SRS19982699	20210617MCX009	20210617MCX009 DNA	WGS	METAGENOMIC	SINGLE	399432	19971600	50	8.0	human metagenome			VISION MEDICALS CO., LTD.	largest_size_mb_per_biosample
SRR27343290	SAMN39106213	SRS19982700	20210618MCX007	20210618MCX007 DNA	WGS	METAGENOMIC	SINGLE	293614	14680700	50	6.0	human metagenome			VISION MEDICALS CO., LTD.	largest_size_mb_per_biosample
SRR27343289	SAMN39106214	SRS19982701	20210619MCX010	20210619MCX010 DNA	WGS	METAGENOMIC	SINGLE	613907	30695350	50	13.0	human metagenome			VISION MEDICALS CO., LTD.	largest_size_mb_per_biosample
SRR27343288	SAMN39106215	SRS19982702	20210630MCX015	20210630MCX015 DNA	WGS	METAGENOMIC	SINGLE	512597	25629850	50	11.0	human metagenome			VISION MEDICALS CO., LTD.	largest_size_mb_per_biosample
SRR27343287	SAMN39106216	SRS19982703	20210701MCX010	20210701MCX010 DNA	WGS	METAGENOMIC	SINGLE	161236	8061800	50	3.0	human metagenome			VISION MEDICALS CO., LTD.	largest_size_mb_per_biosample
SRR27343286	SAMN39106217	SRS19982704	20210703MCX008	20210703MCX008 DNA	WGS	METAGENOMIC	SINGLE	665312	33265600	50	15.0	human metagenome			VISION MEDICALS CO., LTD.	largest_size_mb_per_biosample
SRR27343285	SAMN39106218	SRS19982705	20210710MCX009	20210710MCX009 DNA	WGS	METAGENOMIC	SINGLE	204833	10241650	50	4.0	human metagenome			VISION MEDICALS CO., LTD.	largest_size_mb_per_biosample
SRR27343284	SAMN39106219	SRS19982706	20210716MCX014	20210716MCX014 DNA	WGS	METAGENOMIC	SINGLE	1408715	70435750	50	32.0	human metagenome			VISION MEDICALS CO., LTD.	largest_size_mb_per_biosample
SRR27343283	SAMN39106220	SRS19982707	20210723MCX015	20210723MCX015 DNA	WGS	METAGENOMIC	SINGLE	280340	14017000	50	6.0	human metagenome			VISION MEDICALS CO., LTD.	largest_size_mb_per_biosample
SRR27343282	SAMN39106221	SRS19982708	20210728MCX012	20210728MCX012 DNA	WGS	METAGENOMIC	SINGLE	176525	8826250	50	4.0	human metagenome			VISION MEDICALS CO., LTD.	largest_size_mb_per_biosample
SRR27343279	SAMN39106222	SRS19982710	20210730MCX009	20210730MCX009 DNA	WGS	METAGENOMIC	SINGLE	174604	8730200	50	4.0	human metagenome			VISION MEDICALS CO., LTD.	largest_size_mb_per_biosample
SRR27343278	SAMN39106223	SRS19982711	20210730MCX018	20210730MCX018 DNA	WGS	METAGENOMIC	SINGLE	239659	11982950	50	5.0	human metagenome			VISION MEDICALS CO., LTD.	largest_size_mb_per_biosample
SRR27343277	SAMN39106224	SRS19982712	20210731MCX007	20210731MCX007 DNA	WGS	METAGENOMIC	SINGLE	862201	43110050	50	19.0	human metagenome			VISION MEDICALS CO., LTD.	largest_size_mb_per_biosample
SRR27343276	SAMN39106225	SRS19982713	20210802MCX012	20210802MCX012 DNA	WGS	METAGENOMIC	SINGLE	329376	16468800	50	7.0	human metagenome			VISION MEDICALS CO., LTD.	largest_size_mb_per_biosample
SRR27343275	SAMN39106226	SRS19982714	20210805MCX014	20210805MCX014 DNA	WGS	METAGENOMIC	SINGLE	335886	16794300	50	7.0	human metagenome			VISION MEDICALS CO., LTD.	largest_size_mb_per_biosample
SRR27343274	SAMN39106227	SRS19982715	20210814MCX014	20210814MCX014 DNA	WGS	METAGENOMIC	SINGLE	291401	14570050	50	6.0	human metagenome			VISION MEDICALS CO., LTD.	largest_size_mb_per_biosample
SRR27343273	SAMN39106228	SRS19982716	20210819MCX009	20210819MCX009 DNA	WGS	METAGENOMIC	SINGLE	389533	19476650	50	8.0	human metagenome			VISION MEDICALS CO., LTD.	largest_size_mb_per_biosample
SRR27343272	SAMN39106229	SRS19982717	20210826MCX009	20210826MCX009 DNA	WGS	METAGENOMIC	SINGLE	1966006	98300300	50	43.0	human metagenome			VISION MEDICALS CO., LTD.	largest_size_mb_per_biosample
SRR27343271	SAMN39106230	SRS19982718	20210826MCX011	20210826MCX011 DNA	WGS	METAGENOMIC	SINGLE	221572	11078600	50	4.0	human metagenome			VISION MEDICALS CO., LTD.	largest_size_mb_per_biosample
SRR27343270	SAMN39106231	SRS19982719	20210827MCX010	20210827MCX010 DNA	WGS	METAGENOMIC	SINGLE	278273	13913650	50	6.0	human metagenome			VISION MEDICALS CO., LTD.	largest_size_mb_per_biosample
SRR27343268	SAMN39106232	SRS19982721	20210906MCX015	20210906MCX015 DNA	WGS	METAGENOMIC	SINGLE	2611695	130584750	50	55.0	human metagenome			VISION MEDICALS CO., LTD.	largest_size_mb_per_biosample
SRR27343267	SAMN39106233	SRS19982720	20210907MCX017	20210907MCX017 DNA	WGS	METAGENOMIC	SINGLE	494228	24711400	50	11.0	human metagenome			VISION MEDICALS CO., LTD.	largest_size_mb_per_biosample
SRR27343266	SAMN39106234	SRS19982722	20210908MCX019	20210908MCX019 DNA	WGS	METAGENOMIC	SINGLE	1185032	59251600	50	25.0	human metagenome			VISION MEDICALS CO., LTD.	largest_size_mb_per_biosample
SRR27343498	SAMN39106235	SRS19982723	20210910MCX011	20210910MCX011 DNA	WGS	METAGENOMIC	SINGLE	276470	13823500	50	6.0	human metagenome			VISION MEDICALS CO., LTD.	largest_size_mb_per_biosample
SRR27343496	SAMN39106236	SRS19982508	20210910MCX012	20210910MCX012 DNA	WGS	METAGENOMIC	SINGLE	230587	11529350	50	5.0	human metagenome			VISION MEDICALS CO., LTD.	largest_size_mb_per_biosample
SRR27343495	SAMN39106237	SRS19982509	20210910MCX013	20210910MCX013 DNA	WGS	METAGENOMIC	SINGLE	5878104	293905200	50	120.0	human metagenome			VISION MEDICALS CO., LTD.	largest_size_mb_per_biosample
SRR27343494	SAMN39106238	SRS19982510	20210910MCX015	20210910MCX015 DNA	WGS	METAGENOMIC	SINGLE	998992	49949600	50	22.0	human metagenome			VISION MEDICALS CO., LTD.	largest_size_mb_per_biosample
SRR27343493	SAMN39106239	SRS19982511	20210910MCX019	20210910MCX019 DNA	WGS	METAGENOMIC	SINGLE	333158	16657900	50	7.0	human metagenome			VISION MEDICALS CO., LTD.	largest_size_mb_per_biosample
SRR27343492	SAMN39106240	SRS19982512	20210913MCX015	20210913MCX015 DNA	WGS	METAGENOMIC	SINGLE	283943	14197150	50	6.0	human metagenome			VISION MEDICALS CO., LTD.	largest_size_mb_per_biosample
SRR27343491	SAMN39106241	SRS19982513	20210914MCX010	20210914MCX010 DNA	WGS	METAGENOMIC	SINGLE	477007	23850350	50	10.0	human metagenome			VISION MEDICALS CO., LTD.	largest_size_mb_per_biosample
SRR27343489	SAMN39106242	SRS19982515	20210915MCX010	20210915MCX010 DNA	WGS	METAGENOMIC	SINGLE	5777519	288875950	50	118.0	human metagenome			VISION MEDICALS CO., LTD.	largest_size_mb_per_biosample
SRR27343488	SAMN39106243	SRS19982516	20210922MCX011	20210922MCX011 DNA	WGS	METAGENOMIC	SINGLE	993428	49671400	50	21.0	human metagenome			VISION MEDICALS CO., LTD.	largest_size_mb_per_biosample
SRR27343487	SAMN39106244	SRS19982517	20210924MCX016	20210924MCX016 DNA	WGS	METAGENOMIC	SINGLE	189259	9462950	50	4.0	human metagenome			VISION MEDICALS CO., LTD.	largest_size_mb_per_biosample
SRR27343486	SAMN39106245	SRS19982518	20210928MCX006	20210928MCX006 DNA	WGS	METAGENOMIC	SINGLE	280909	14045450	50	6.0	human metagenome			VISION MEDICALS CO., LTD.	largest_size_mb_per_biosample
SRR27343485	SAMN39106246	SRS19982519	20210928MCX009	20210928MCX009 DNA	WGS	METAGENOMIC	SINGLE	1419458	70972900	50	29.0	human metagenome			VISION MEDICALS CO., LTD.	largest_size_mb_per_biosample
SRR27343484	SAMN39106247	SRS19982520	20210928MCX012	20210928MCX012 DNA	WGS	METAGENOMIC	SINGLE	982792	49139600	50	20.0	human metagenome			VISION MEDICALS CO., LTD.	largest_size_mb_per_biosample
SRR27343483	SAMN39106248	SRS19982521	20211004MCX018	20211004MCX018 DNA	WGS	METAGENOMIC	SINGLE	155546	7777300	50	3.0	human metagenome			VISION MEDICALS CO., LTD.	largest_size_mb_per_biosample
SRR27343482	SAMN39106249	SRS19982522	20211006MCX010	20211006MCX010 DNA	WGS	METAGENOMIC	SINGLE	199145	9957250	50	4.0	human metagenome			VISION MEDICALS CO., LTD.	largest_size_mb_per_biosample
SRR27343481	SAMN39106250	SRS19982523	20211011MCX008	20211011MCX008 DNA	WGS	METAGENOMIC	SINGLE	294563	14728150	50	6.0	human metagenome			VISION MEDICALS CO., LTD.	largest_size_mb_per_biosample
SRR27343480	SAMN39106251	SRS19982524	20211016MCX013	20211016MCX013 DNA	WGS	METAGENOMIC	SINGLE	261148	13057400	50	6.0	human metagenome			VISION MEDICALS CO., LTD.	largest_size_mb_per_biosample
SRR27343478	SAMN39106252	SRS19982526	20211016MCX015	20211016MCX015 DNA	WGS	METAGENOMIC	SINGLE	328144	16407200	50	7.0	human metagenome			VISION MEDICALS CO., LTD.	largest_size_mb_per_biosample
SRR27343477	SAMN39106253	SRS19982527	20211019MCX016	20211019MCX016 DNA	WGS	METAGENOMIC	SINGLE	225714	11285700	50	5.0	human metagenome			VISION MEDICALS CO., LTD.	largest_size_mb_per_biosample
SRR27343476	SAMN39106254	SRS19982528	20211020MCX013	20211020MCX013 DNA	WGS	METAGENOMIC	SINGLE	319341	15967050	50	7.0	human metagenome			VISION MEDICALS CO., LTD.	largest_size_mb_per_biosample
SRR27343475	SAMN39106255	SRS19982529	20211022MCX015	20211022MCX015 DNA	WGS	METAGENOMIC	SINGLE	755148	37757400	50	15.0	human metagenome			VISION MEDICALS CO., LTD.	largest_size_mb_per_biosample
SRR27343474	SAMN39106256	SRS19982530	20211026MCX013	20211026MCX013 DNA	WGS	METAGENOMIC	SINGLE	354124	17706200	50	7.0	human metagenome			VISION MEDICALS CO., LTD.	largest_size_mb_per_biosample
SRR27343473	SAMN39106257	SRS19982531	20211028MCX015	20211028MCX015 DNA	WGS	METAGENOMIC	SINGLE	182861	9143050	50	4.0	human metagenome			VISION MEDICALS CO., LTD.	largest_size_mb_per_biosample
SRR27343472	SAMN39106258	SRS19982532	20211029MCX010	20211029MCX010 DNA	WGS	METAGENOMIC	SINGLE	1083143	54157150	50	23.0	human metagenome			VISION MEDICALS CO., LTD.	largest_size_mb_per_biosample
SRR27343471	SAMN39106259	SRS19982533	20211029MCX014	20211029MCX014 DNA	WGS	METAGENOMIC	SINGLE	476290	23814500	50	10.0	human metagenome			VISION MEDICALS CO., LTD.	largest_size_mb_per_biosample
SRR27343470	SAMN39106260	SRS19982534	20211106MCX007	20211106MCX007 DNA	WGS	METAGENOMIC	SINGLE	228456	11422800	50	5.0	human metagenome			VISION MEDICALS CO., LTD.	largest_size_mb_per_biosample
SRR27343469	SAMN39106261	SRS19982535	20211109MCX014	20211109MCX014 DNA	WGS	METAGENOMIC	SINGLE	951205	47560250	50	22.0	human metagenome			VISION MEDICALS CO., LTD.	largest_size_mb_per_biosample
SRR27343467	SAMN39106262	SRS19982537	20211109MCX016	20211109MCX016 DNA	WGS	METAGENOMIC	SINGLE	471852	23592600	50	11.0	human metagenome			VISION MEDICALS CO., LTD.	largest_size_mb_per_biosample
SRR27343466	SAMN39106263	SRS19982538	20211110MCX010	20211110MCX010 DNA	WGS	METAGENOMIC	SINGLE	301078	15053900	50	7.0	human metagenome			VISION MEDICALS CO., LTD.	largest_size_mb_per_biosample
SRR27343465	SAMN39106264	SRS19982539	20211113MCX008	20211113MCX008 DNA	WGS	METAGENOMIC	SINGLE	996312	49815600	50	22.0	human metagenome			VISION MEDICALS CO., LTD.	largest_size_mb_per_biosample
SRR27343464	SAMN39106265	SRS19982540	20211117MCX010	20211117MCX010 DNA	WGS	METAGENOMIC	SINGLE	738807	36940350	50	17.0	human metagenome			VISION MEDICALS CO., LTD.	largest_size_mb_per_biosample
SRR27343462	SAMN39106267	SRS19982542	20211126MCX011	20211126MCX011 DNA	WGS	METAGENOMIC	SINGLE	308104	15405200	50	7.0	human metagenome			VISION MEDICALS CO., LTD.	largest_size_mb_per_biosample
SRR27343731	SAMN39106268	SRS19982543	20211127MCX010	20211127MCX010 DNA	WGS	METAGENOMIC	SINGLE	377860	18893000	50	9.0	human metagenome			VISION MEDICALS CO., LTD.	largest_size_mb_per_biosample
SRR27343730	SAMN39106269	SRS19982850	20211207MCX012	20211207MCX012 DNA	WGS	METAGENOMIC	SINGLE	269616	13480800	50	6.0	human metagenome			VISION MEDICALS CO., LTD.	largest_size_mb_per_biosample
SRR27343729	SAMN39106270	SRS19982851	20211208MCX010	20211208MCX010 DNA	WGS	METAGENOMIC	SINGLE	4353814	217690700	50	96.0	human metagenome			VISION MEDICALS CO., LTD.	largest_size_mb_per_biosample
SRR27343728	SAMN39106271	SRS19982852	20211209MCX019	20211209MCX019 DNA	WGS	METAGENOMIC	SINGLE	366866	18343300	50	8.0	human metagenome			VISION MEDICALS CO., LTD.	largest_size_mb_per_biosample
SRR27343726	SAMN39106272	SRS19982853	20211210MCX014	20211210MCX014 DNA	WGS	METAGENOMIC	SINGLE	522159	26107950	50	12.0	human metagenome			VISION MEDICALS CO., LTD.	largest_size_mb_per_biosample
SRR27343725	SAMN39106273	SRS19982854	20211218MCX011	20211218MCX011 DNA	WGS	METAGENOMIC	SINGLE	714512	35725600	50	17.0	human metagenome			VISION MEDICALS CO., LTD.	largest_size_mb_per_biosample
SRR27343724	SAMN39106274	SRS19982855	20211222MCX007	20211222MCX007 DNA	WGS	METAGENOMIC	SINGLE	169131	8456550	50	4.0	human metagenome			VISION MEDICALS CO., LTD.	largest_size_mb_per_biosample
SRR27343723	SAMN39106275	SRS19982857	20211229MCX015	20211229MCX015 DNA	WGS	METAGENOMIC	SINGLE	411120	20556000	50	10.0	human metagenome			VISION MEDICALS CO., LTD.	largest_size_mb_per_biosample
SRR27343722	SAMN39106276	SRS19982856	20211229MCX016	20211229MCX016 DNA	WGS	METAGENOMIC	SINGLE	340437	17021850	50	8.0	human metagenome			VISION MEDICALS CO., LTD.	largest_size_mb_per_biosample
SRR27343721	SAMN39106277	SRS19982858	20211230MCX010	20211230MCX010 DNA	WGS	METAGENOMIC	SINGLE	349989	17499450	50	8.0	human metagenome			VISION MEDICALS CO., LTD.	largest_size_mb_per_biosample
SRR27343720	SAMN39106278	SRS19982859	20211230MCX011	20211230MCX011 DNA	WGS	METAGENOMIC	SINGLE	360076	18003800	50	9.0	human metagenome			VISION MEDICALS CO., LTD.	largest_size_mb_per_biosample
SRR27343719	SAMN39106279	SRS19982861	20211231MCX012	20211231MCX012 DNA	WGS	METAGENOMIC	SINGLE	403293	20164650	50	9.0	human metagenome			VISION MEDICALS CO., LTD.	largest_size_mb_per_biosample
SRR27343718	SAMN39106280	SRS19982860	20220105MCX011	20220105MCX011 DNA	WGS	METAGENOMIC	SINGLE	342869	17143450	50	8.0	human metagenome			VISION MEDICALS CO., LTD.	largest_size_mb_per_biosample
SRR27343717	SAMN39106281	SRS19982862	20220112MCX016	20220112MCX016 DNA	WGS	METAGENOMIC	SINGLE	294752	14737600	50	6.0	human metagenome			VISION MEDICALS CO., LTD.	largest_size_mb_per_biosample
SRR27343715	SAMN39106282	SRS19982863	20220113MCX017	20220113MCX017 DNA	WGS	METAGENOMIC	SINGLE	1199102	59955100	50	27.0	human metagenome			VISION MEDICALS CO., LTD.	largest_size_mb_per_biosample
SRR27343714	SAMN39106283	SRS19982864	20220115MCX009	20220115MCX009 DNA	WGS	METAGENOMIC	SINGLE	306431	15321550	50	7.0	human metagenome			VISION MEDICALS CO., LTD.	largest_size_mb_per_biosample
SRR27343713	SAMN39106284	SRS19982865	20220115MCX016	20220115MCX016 DNA	WGS	METAGENOMIC	SINGLE	338720	16936000	50	8.0	human metagenome			VISION MEDICALS CO., LTD.	largest_size_mb_per_biosample
SRR27343712	SAMN39106285	SRS19982866	20220121MCX008	20220121MCX008 DNA	WGS	METAGENOMIC	SINGLE	808268	40413400	50	18.0	human metagenome			VISION MEDICALS CO., LTD.	largest_size_mb_per_biosample
SRR27343711	SAMN39106286	SRS19982867	20220121MCX009	20220121MCX009 DNA	WGS	METAGENOMIC	SINGLE	369933	18496650	50	8.0	human metagenome			VISION MEDICALS CO., LTD.	largest_size_mb_per_biosample
SRR27343710	SAMN39106287	SRS19982475	20220122MCX014	20220122MCX014 DNA	WGS	METAGENOMIC	SINGLE	169339	8466950	50	4.0	human metagenome			VISION MEDICALS CO., LTD.	largest_size_mb_per_biosample
SRR27343709	SAMN39106288	SRS19982634	20220127MCX024	20220127MCX024 DNA	WGS	METAGENOMIC	SINGLE	359766	17988300	50	8.0	human metagenome			VISION MEDICALS CO., LTD.	largest_size_mb_per_biosample
SRR27343708	SAMN39106289	SRS19982635	20220127MCX030	20220127MCX030 DNA	WGS	METAGENOMIC	SINGLE	295107	14755350	50	6.0	human metagenome			VISION MEDICALS CO., LTD.	largest_size_mb_per_biosample
SRR27343707	SAMN39106290	SRS19982636	20220217MCX012	20220217MCX012 DNA	WGS	METAGENOMIC	SINGLE	408547	20427350	50	9.0	human metagenome			VISION MEDICALS CO., LTD.	largest_size_mb_per_biosample
SRR27343706	SAMN39106291	SRS19982637	20220219MCX016	20220219MCX016 DNA	WGS	METAGENOMIC	SINGLE	447529	22376450	50	10.0	human metagenome			VISION MEDICALS CO., LTD.	largest_size_mb_per_biosample
SRR27343704	SAMN39106292	SRS19982638	20220226MCX019	20220226MCX019 DNA	WGS	METAGENOMIC	SINGLE	376468	18823400	50	9.0	human metagenome			VISION MEDICALS CO., LTD.	largest_size_mb_per_biosample
SRR27343703	SAMN39106293	SRS19982639	20210319MCX011	20210319MCX011 DNA	WGS	METAGENOMIC	SINGLE	176698	8834900	50	4.0	human metagenome			VISION MEDICALS CO., LTD.	largest_size_mb_per_biosample
SRR27343702	SAMN39106294	SRS19982640	20210325MCX003	20210325MCX003 DNA	WGS	METAGENOMIC	SINGLE	214016	10700800	50	4.0	human metagenome			VISION MEDICALS CO., LTD.	largest_size_mb_per_biosample
SRR27343701	SAMN39106295	SRS19982641	20210326MCX005	20210326MCX005 DNA	WGS	METAGENOMIC	SINGLE	194850	9742500	50	4.0	human metagenome			VISION MEDICALS CO., LTD.	largest_size_mb_per_biosample
SRR27343700	SAMN39106296	SRS19982642	20210329MCX004	20210329MCX004 DNA	WGS	METAGENOMIC	SINGLE	1250437	62521850	50	28.0	human metagenome			VISION MEDICALS CO., LTD.	largest_size_mb_per_biosample
SRR27343699	SAMN39106297	SRS19982643	20210330MCX004	20210330MCX004 DNA	WGS	METAGENOMIC	SINGLE	496393	24819650	50	11.0	human metagenome			VISION MEDICALS CO., LTD.	largest_size_mb_per_biosample
SRR27343698	SAMN39106298	SRS19982644	20210330MCX005	20210330MCX005 DNA	WGS	METAGENOMIC	SINGLE	2809797	140489850	50	58.0	human metagenome			VISION MEDICALS CO., LTD.	largest_size_mb_per_biosample
SRR27343697	SAMN39106299	SRS19982645	20210410MCX001	20210410MCX001 DNA	WGS	METAGENOMIC	SINGLE	205115	10255750	50	4.0	human metagenome			VISION MEDICALS CO., LTD.	largest_size_mb_per_biosample
SRR27343696	SAMN39106300	SRS19982646	20210507MCX008	20210507MCX008 DNA	WGS	METAGENOMIC	SINGLE	287466	14373300	50	6.0	human metagenome			VISION MEDICALS CO., LTD.	largest_size_mb_per_biosample
SRR27344036	SAMN39106301	SRS19982647	20210526MCX014	20210526MCX014 DNA	WGS	METAGENOMIC	SINGLE	1734195	86709750	50	36.0	human metagenome			VISION MEDICALS CO., LTD.	largest_size_mb_per_biosample
SRR27344033	SAMN39106302	SRS19982648	20210528MCX007	20210528MCX007 DNA	WGS	METAGENOMIC	SINGLE	318527	15926350	50	7.0	human metagenome			VISION MEDICALS CO., LTD.	largest_size_mb_per_biosample
SRR27344032	SAMN39106303	SRS19982649	20210618MCX005	20210618MCX005 DNA	WGS	METAGENOMIC	SINGLE	678629	33931450	50	15.0	human metagenome			VISION MEDICALS CO., LTD.	largest_size_mb_per_biosample
SRR27344031	SAMN39106304	SRS19982650	20210618MCX008	20210618MCX008 DNA	WGS	METAGENOMIC	SINGLE	314684	15734200	50	7.0	human metagenome			VISION MEDICALS CO., LTD.	largest_size_mb_per_biosample
SRR27344030	SAMN39106305	SRS19982651	20210623MCX012	20210623MCX012 DNA	WGS	METAGENOMIC	SINGLE	253008	12650400	50	6.0	human metagenome			VISION MEDICALS CO., LTD.	largest_size_mb_per_biosample
SRR27344029	SAMN39106306	SRS19982652	20210628MCX011	20210628MCX011 DNA	WGS	METAGENOMIC	SINGLE	368981	18449050	50	8.0	human metagenome			VISION MEDICALS CO., LTD.	largest_size_mb_per_biosample
SRR27344028	SAMN39106307	SRS19982653	20210702MCX009	20210702MCX009 DNA	WGS	METAGENOMIC	SINGLE	973643	48682150	50	21.0	human metagenome			VISION MEDICALS CO., LTD.	largest_size_mb_per_biosample
SRR27344027	SAMN39106308	SRS19982654	20210712MCX011	20210712MCX011 DNA	WGS	METAGENOMIC	SINGLE	260668	13033400	50	5.0	human metagenome			VISION MEDICALS CO., LTD.	largest_size_mb_per_biosample
SRR27344026	SAMN39106309	SRS19982655	20210713MCX013	20210713MCX013 DNA	WGS	METAGENOMIC	SINGLE	270601	13530050	50	6.0	human metagenome			VISION MEDICALS CO., LTD.	largest_size_mb_per_biosample
SRR27344025	SAMN39106310	SRS19982656	20210714MCX008	20210714MCX008 DNA	WGS	METAGENOMIC	SINGLE	31660727	1583036350	50	660.0	human metagenome			VISION MEDICALS CO., LTD.	largest_size_mb_per_biosample
SRR27344024	SAMN39106311	SRS19982657	20210729MCX011	20210729MCX011 DNA	WGS	METAGENOMIC	SINGLE	288331	14416550	50	6.0	human metagenome			VISION MEDICALS CO., LTD.	largest_size_mb_per_biosample
SRR27344022	SAMN39106312	SRS19982658	20210730MCX017	20210730MCX017 DNA	WGS	METAGENOMIC	SINGLE	183377	9168850	50	4.0	human metagenome			VISION MEDICALS CO., LTD.	largest_size_mb_per_biosample
SRR27344021	SAMN39106313	SRS19982659	20210804MCX003	20210804MCX003 DNA	WGS	METAGENOMIC	SINGLE	486917	24345850	50	10.0	human metagenome			VISION MEDICALS CO., LTD.	largest_size_mb_per_biosample
SRR27344020	SAMN39106314	SRS19982661	20210807MCX014	20210807MCX014 DNA	WGS	METAGENOMIC	SINGLE	1559422	77971100	50	32.0	human metagenome			VISION MEDICALS CO., LTD.	largest_size_mb_per_biosample
SRR27344019	SAMN39106315	SRS19982660	20210812MCX008	20210812MCX008 DNA	WGS	METAGENOMIC	SINGLE	1107469	55373450	50	25.0	human metagenome			VISION MEDICALS CO., LTD.	largest_size_mb_per_biosample
SRR27344018	SAMN39106316	SRS19982662	20210816MCX011	20210816MCX011 DNA	WGS	METAGENOMIC	SINGLE	211090	10554500	50	4.0	human metagenome			VISION MEDICALS CO., LTD.	largest_size_mb_per_biosample
SRR27344017	SAMN39106317	SRS19982780	20210827MCX009	20210827MCX009 DNA	WGS	METAGENOMIC	SINGLE	244880	12244000	50	5.0	human metagenome			VISION MEDICALS CO., LTD.	largest_size_mb_per_biosample
SRR27344016	SAMN39106318	SRS19982782	20210827MCX014	20210827MCX014 DNA	WGS	METAGENOMIC	SINGLE	212511	10625550	50	4.0	human metagenome			VISION MEDICALS CO., LTD.	largest_size_mb_per_biosample
SRR27344015	SAMN39106319	SRS19982783	20210907MCX013	20210907MCX013 DNA	WGS	METAGENOMIC	SINGLE	216021	10801050	50	5.0	human metagenome			VISION MEDICALS CO., LTD.	largest_size_mb_per_biosample
SRR27344014	SAMN39106320	SRS19982784	20210909MCX012	20210909MCX012 DNA	WGS	METAGENOMIC	SINGLE	846821	42341050	50	18.0	human metagenome			VISION MEDICALS CO., LTD.	largest_size_mb_per_biosample
SRR27344013	SAMN39106321	SRS19982785	20210910MCX007	20210910MCX007 DNA	WGS	METAGENOMIC	SINGLE	2247601	112380050	50	48.0	human metagenome			VISION MEDICALS CO., LTD.	largest_size_mb_per_biosample
SRR27344010	SAMN39106322	SRS19982786	20210910MCX010	20210910MCX010 DNA	WGS	METAGENOMIC	SINGLE	162595	8129750	50	3.0	human metagenome			VISION MEDICALS CO., LTD.	largest_size_mb_per_biosample
SRR27344009	SAMN39106323	SRS19982787	20210915MCX011	20210915MCX011 DNA	WGS	METAGENOMIC	SINGLE	1238505	61925250	50	26.0	human metagenome			VISION MEDICALS CO., LTD.	largest_size_mb_per_biosample
